Year,NOC,Gold,Silver,Bronze,Total,Rank,Athletes,GDP,Host,Past_Gold_Avg,Past_Total_Avg,Past_Gold_Sum,Past_Total_Sum,Cluster
2012,Afghanistan,0,0,1,1,79.0,6.0,1195.0,0,0.0,1.0,0.0,1.0,1
2008,Afghanistan,0,0,1,1,82.0,4.0,661.0,0,0.0,0.0,0.0,0.0,1
2024,Albania,0,0,2,2,80.0,9.0,848.0,0,0.0,0.0,0.0,0.0,1
1984,Algeria,0,0,2,2,42.0,0.0,13283.0,0,0.0,0.0,0.0,0.0,2
2008,Algeria,0,1,1,2,68.0,0.0,12189.0,0,1.3333333333333333,3.3333333333333335,4.0,10.0,2
2024,Algeria,2,0,1,3,39.0,0.0,12189.0,0,0.3333333333333333,1.6666666666666667,1.0,5.0,2
1992,Algeria,1,0,1,2,34.0,0.0,7341.0,0,0.0,2.0,0.0,2.0,2
2012,Algeria,1,0,0,1,50.0,0.0,13946.0,0,1.0,3.3333333333333335,3.0,10.0,2
1996,Algeria,2,0,1,3,34.0,0.0,5787.0,0,0.5,2.0,1.0,4.0,2
2016,Algeria,0,2,0,2,63.0,0.0,9590.0,0,0.6666666666666666,2.6666666666666665,2.0,8.0,2
2000,Algeria,1,1,3,5,42.0,0.0,5325.0,0,1.0,2.3333333333333335,3.0,7.0,2
2008,Argentina,2,0,4,6,35.0,145.0,24456.0,0,0.6666666666666666,4.333333333333333,2.0,13.0,2
2012,Argentina,1,1,2,4,42.0,148.0,33562.0,0,1.3333333333333333,5.333333333333333,4.0,16.0,2
1952,Argentina,1,2,2,5,19.0,174.0,15210.57142857143,0,2.6666666666666665,6.0,8.0,18.0,2
2016,Argentina,3,1,0,4,26.0,232.0,29626.0,0,1.6666666666666667,5.333333333333333,5.0,16.0,2
1936,Argentina,2,2,3,7,14.0,68.0,15210.57142857143,0,2.3333333333333335,5.666666666666667,7.0,17.0,2
1932,Argentina,3,1,0,4,12.0,47.0,15210.57142857143,0,2.0,6.5,4.0,13.0,2
2020,Argentina,0,1,2,3,72.0,208.0,18041.0,0,2.0,4.666666666666667,6.0,14.0,2
1928,Argentina,3,3,1,7,12.0,98.0,15210.57142857143,0,1.0,6.0,1.0,6.0,2
1924,Argentina,1,3,2,6,16.0,109.0,15210.57142857143,0,0.0,0.0,0.0,0.0,2
2024,Argentina,1,1,1,3,52.0,154.0,24456.0,0,1.3333333333333333,3.6666666666666665,4.0,11.0,2
1948,Argentina,3,3,1,7,13.0,295.0,15210.57142857143,0,2.6666666666666665,6.0,8.0,18.0,2
1960,Argentina,0,1,1,2,30.0,116.0,15210.57142857143,0,1.3333333333333333,4.666666666666667,4.0,14.0,2
1956,Argentina,0,1,1,2,29.0,44.0,15210.57142857143,0,2.0,6.333333333333333,6.0,19.0,2
2004,Argentina,2,0,4,6,38.0,179.0,13458.0,0,0.0,2.6666666666666665,0.0,8.0,2
1964,Argentina,0,1,0,1,30.0,148.0,15210.57142857143,0,0.3333333333333333,3.0,1.0,9.0,2
1968,Argentina,0,0,2,2,41.0,132.0,28049.0,0,0.0,1.6666666666666667,0.0,5.0,2
1988,Argentina,0,1,1,2,35.0,134.0,24212.0,0,0.0,1.3333333333333333,0.0,4.0,2
1972,Argentina,0,1,0,1,33.0,123.0,27106.0,0,0.0,1.6666666666666667,0.0,5.0,2
2000,Argentina,0,2,2,4,57.0,165.0,27705.0,0,0.0,2.0,0.0,6.0,2
1996,Argentina,0,2,1,3,54.0,221.0,33684.0,0,0.0,1.3333333333333333,0.0,4.0,2
1992,Argentina,0,0,1,1,54.0,111.0,35067.0,0,0.0,1.6666666666666667,0.0,5.0,2
2000,Armenia,0,0,1,1,71.0,26.0,166.0,0,1.0,2.0,1.0,2.0,1
2016,Armenia,1,3,0,4,42.0,34.0,538.0,0,0.0,2.6666666666666665,0.0,8.0,1
2020,Armenia,0,2,2,4,69.0,19.0,568.0,0,0.3333333333333333,3.6666666666666665,1.0,11.0,1
2012,Armenia,0,1,1,2,65.0,31.0,624.0,0,0.3333333333333333,2.6666666666666665,1.0,8.0,1
1996,Armenia,1,1,0,2,45.0,38.0,170.0,0,0.0,0.0,0.0,0.0,1
2008,Armenia,0,1,4,5,62.0,26.0,766.0,0,0.5,1.5,1.0,3.0,1
2024,Armenia,0,3,1,4,66.0,17.0,624.0,0,0.3333333333333333,3.3333333333333335,1.0,10.0,1
1912,Australasia,2,2,3,7,12.0,0.0,0.0,0,1.0,5.0,1.0,5.0,2
1908,Australasia,1,2,2,5,11.0,0.0,0.0,0,0.0,0.0,0.0,0.0,2
1988,Australia,3,6,5,14,15.0,339.0,45080.0,0,2.0,12.666666666666666,6.0,38.0,4
1924,Australia,3,1,2,6,11.0,60.0,29708.928571428572,0,0.6666666666666666,4.0,2.0,12.0,4
1992,Australia,7,9,11,27,10.0,390.0,49905.0,0,3.0,15.666666666666666,9.0,47.0,4
1928,Australia,1,2,1,4,19.0,29.0,29708.928571428572,0,1.0,4.333333333333333,3.0,13.0,4
1920,Australia,0,2,1,3,16.0,29.0,29708.928571428572,0,1.3333333333333333,3.6666666666666665,4.0,11.0,4
2020,Australia,17,7,22,46,6.0,638.0,62187.0,0,10.0,36.666666666666664,30.0,110.0,4
1976,Australia,0,1,4,5,32.0,274.0,56064.0,0,6.333333333333333,17.333333333333332,19.0,52.0,4
1980,Australia,2,2,5,9,15.0,190.0,52475.0,0,4.333333333333333,13.0,13.0,39.0,4
1960,Australia,8,8,6,22,5.0,280.0,29708.928571428572,0,7.0,19.666666666666668,21.0,59.0,4
1996,Australia,9,9,23,41,7.0,550.0,49687.0,0,4.666666666666667,21.666666666666668,14.0,65.0,4
1936,Australia,0,0,1,1,30.0,39.0,29708.928571428572,0,2.3333333333333335,5.0,7.0,15.0,4
2016,Australia,8,11,10,29,10.0,518.0,64155.0,0,13.0,43.666666666666664,39.0,131.0,4
2004,Australia,17,16,17,50,4.0,601.0,50293.0,0,10.666666666666666,42.0,32.0,126.0,4
1972,Australia,8,7,2,17,6.0,266.0,40639.0,0,6.333333333333333,19.0,19.0,57.0,4
1948,Australia,2,6,5,13,14.0,103.0,29708.928571428572,0,1.3333333333333333,3.3333333333333335,4.0,10.0,4
1952,Australia,6,2,3,11,9.0,140.0,29708.928571428572,0,1.6666666666666667,6.333333333333333,5.0,19.0,4
2012,Australia,8,15,12,35,8.0,514.0,95183.0,0,15.666666666666666,51.333333333333336,47.0,154.0,4
2000,Australia,16,25,17,58,4.0,788.0,40578.0,1,6.333333333333333,27.333333333333332,19.0,82.0,4
1968,Australia,5,7,5,17,9.0,224.0,34725.0,0,9.0,25.0,27.0,75.0,4
1984,Australia,4,8,12,24,14.0,337.0,47915.0,0,3.3333333333333335,10.333333333333334,10.0,31.0,4
1956,Australia,13,8,14,35,3.0,412.0,29708.928571428572,1,2.6666666666666665,8.333333333333334,8.0,25.0,4
2008,Australia,14,15,17,46,6.0,570.0,71482.0,0,14.0,49.666666666666664,42.0,149.0,4
1964,Australia,6,2,10,18,8.0,392.0,29708.928571428572,0,9.0,22.666666666666668,27.0,68.0,4
1932,Australia,3,1,1,5,11.0,20.0,29708.928571428572,0,1.3333333333333333,4.333333333333333,4.0,13.0,4
2024,Australia,18,19,16,53,4.0,649.0,71482.0,0,11.0,36.666666666666664,33.0,110.0,4
1896,Australia,2,0,0,2,8.0,5.0,29708.928571428572,0,0.0,0.0,0.0,0.0,4
1904,Australia,0,3,1,4,12.0,6.0,29708.928571428572,0,2.0,3.5,4.0,7.0,4
1900,Australia,2,0,3,5,9.0,6.0,29708.928571428572,0,2.0,2.0,2.0,2.0,4
2016,Austria,0,0,1,1,78.0,85.0,20913.0,0,1.3333333333333333,4.333333333333333,4.0,13.0,2
1992,Austria,0,2,0,2,41.0,127.0,29781.0,0,1.0,2.6666666666666665,3.0,8.0,2
1976,Austria,0,0,1,1,37.0,73.0,22825.0,0,0.3333333333333333,3.0,1.0,9.0,2
1924,Austria,0,3,1,4,20.0,56.0,12064.703703703704,0,0.3333333333333333,2.6666666666666665,1.0,8.0,2
1996,Austria,0,1,2,3,57.0,92.0,29200.0,0,0.6666666666666666,2.0,2.0,6.0,2
1904,Austria,1,1,1,3,8.0,7.0,12064.703703703704,0,1.0,5.5,2.0,11.0,2
1932,Austria,1,1,3,5,18.0,33.0,12064.703703703704,0,0.6666666666666666,3.6666666666666665,2.0,11.0,2
1988,Austria,1,0,0,1,29.0,96.0,25344.0,0,0.6666666666666666,2.6666666666666665,2.0,8.0,2
1936,Austria,5,7,5,17,10.0,363.0,12064.703703703704,0,1.0,4.0,3.0,12.0,2
1900,Austria,0,3,3,6,16.0,26.0,12064.703703703704,0,2.0,5.0,2.0,5.0,2
1956,Austria,0,0,2,2,34.0,57.0,12064.703703703704,0,2.0,7.666666666666667,6.0,23.0,2
2000,Austria,2,1,0,3,32.0,114.0,19118.0,0,0.3333333333333333,2.0,1.0,6.0,2
1928,Austria,2,0,1,3,18.0,113.0,12064.703703703704,0,0.0,3.0,0.0,9.0,2
1968,Austria,0,2,2,4,32.0,59.0,13225.0,0,0.3333333333333333,2.0,1.0,6.0,2
1960,Austria,1,1,0,2,18.0,198.0,12064.703703703704,0,0.3333333333333333,2.6666666666666665,1.0,8.0,2
2020,Austria,1,1,5,7,53.0,103.0,20319.0,0,0.6666666666666666,3.6666666666666665,2.0,11.0,2
2004,Austria,2,4,1,7,27.0,92.0,24472.0,0,0.6666666666666666,2.6666666666666665,2.0,8.0,2
1972,Austria,0,1,2,3,31.0,143.0,17130.0,0,0.3333333333333333,2.6666666666666665,1.0,8.0,2
1980,Austria,1,2,1,4,21.0,92.0,28588.0,0,0.0,2.6666666666666665,0.0,8.0,2
2008,Austria,0,1,2,3,64.0,93.0,29038.0,0,1.3333333333333333,4.333333333333333,4.0,13.0,2
2024,Austria,2,0,3,5,36.0,121.0,29038.0,0,0.3333333333333333,3.6666666666666665,1.0,11.0,2
1908,Austria,0,0,1,1,19.0,13.0,12064.703703703704,0,1.0,4.666666666666667,3.0,14.0,2
1912,Austria,0,2,2,4,17.0,132.0,12064.703703703704,0,0.3333333333333333,3.3333333333333335,1.0,10.0,2
1948,Austria,1,0,3,4,21.0,239.0,12064.703703703704,0,2.6666666666666665,8.333333333333334,8.0,25.0,2
1952,Austria,0,1,1,2,32.0,238.0,12064.703703703704,0,2.3333333333333335,8.666666666666666,7.0,26.0,2
1896,Austria,2,1,2,5,7.0,8.0,12064.703703703704,0,0.0,0.0,0.0,0.0,2
1984,Austria,1,1,1,3,22.0,130.0,16756.0,0,0.3333333333333333,2.6666666666666665,1.0,8.0,2
2000,Azerbaijan,2,0,1,3,34.0,32.0,494.0,0,0.0,1.0,0.0,1.0,2
2012,Azerbaijan,2,2,5,9,32.0,59.0,4258.0,0,1.3333333333333333,4.666666666666667,4.0,14.0,2
2008,Azerbaijan,1,1,4,6,40.0,44.0,3284.0,0,1.0,3.0,3.0,9.0,2
1996,Azerbaijan,0,1,0,1,61.0,24.0,365.0,0,0.0,0.0,0.0,0.0,2
2020,Azerbaijan,0,3,4,7,67.0,55.0,1976.0,0,1.3333333333333333,11.0,4.0,33.0,2
2024,Azerbaijan,2,2,3,7,30.0,49.0,4258.0,0,1.0,11.333333333333334,3.0,34.0,2
2004,Azerbaijan,1,0,4,5,50.0,37.0,691.0,0,1.0,2.0,2.0,4.0,2
2016,Azerbaijan,1,7,10,18,39.0,69.0,1991.0,0,1.3333333333333333,6.666666666666667,4.0,20.0,2
1964,Bahamas,1,0,0,1,24.0,0.0,0.0,0,0.0,1.0,0.0,1.0,2
1956,Bahamas,0,0,1,1,35.0,0.0,0.0,0,0.0,0.0,0.0,0.0,2
2016,Bahamas,1,0,1,2,51.0,0.0,0.0,0,0.6666666666666666,1.6666666666666667,2.0,5.0,2
2012,Bahamas,1,0,0,1,50.0,0.0,0.0,0,1.0,2.3333333333333335,3.0,7.0,2
1992,Bahamas,0,0,1,1,54.0,0.0,0.0,0,0.5,1.0,1.0,2.0,2
1996,Bahamas,0,1,0,1,61.0,0.0,0.0,0,0.3333333333333333,1.0,1.0,3.0,2
2004,Bahamas,1,0,1,2,52.0,0.0,0.0,0,0.6666666666666666,1.6666666666666667,2.0,5.0,2
2020,Bahamas,2,0,0,2,42.0,0.0,0.0,0,0.6666666666666666,1.6666666666666667,2.0,5.0,2
2000,Bahamas,2,0,1,3,34.0,0.0,0.0,0,0.3333333333333333,1.0,1.0,3.0,2
2008,Bahamas,0,1,1,2,68.0,0.0,0.0,0,1.0,2.0,3.0,6.0,2
2020,Bahrain,0,1,0,1,77.0,0.0,1655.0,0,1.0,1.5,2.0,3.0,1
2016,Bahrain,1,1,0,2,48.0,0.0,1779.0,0,1.0,1.0,1.0,1.0,1
2012,Bahrain,1,0,0,1,50.0,0.0,1937.0,0,0.0,0.0,0.0,0.0,1
2024,Bahrain,2,1,1,4,33.0,0.0,1717.0,0,0.6666666666666666,1.3333333333333333,2.0,4.0,1
2000,Barbados,0,0,1,1,71.0,0.0,278.0,0,0.0,0.0,0.0,0.0,1
2008,Belarus,3,4,7,14,24.0,237.0,4090.0,0,2.0,15.0,6.0,45.0,4
1996,Belarus,1,6,8,15,37.0,259.0,1800.0,0,0.0,0.0,0.0,0.0,4
2020,Belarus,1,3,3,7,45.0,137.0,2850.0,0,2.0,11.0,6.0,33.0,4
2000,Belarus,3,3,11,17,23.0,231.0,1222.0,0,1.0,15.0,1.0,15.0,4
2012,Belarus,2,5,3,10,28.0,185.0,4012.0,0,2.6666666666666665,14.666666666666666,8.0,44.0,4
2016,Belarus,1,4,4,9,40.0,142.0,2515.0,0,2.3333333333333335,12.333333333333334,7.0,37.0,4
2004,Belarus,2,5,6,13,26.0,192.0,1875.0,0,2.0,16.0,4.0,32.0,4
1948,Belgium,2,2,3,7,15.0,182.0,16441.678571428572,0,0.0,2.3333333333333335,0.0,7.0,4
2020,Belgium,3,1,3,7,29.0,185.0,24782.0,0,1.3333333333333333,3.6666666666666665,4.0,11.0,4
1912,Belgium,2,1,3,6,13.0,72.0,16441.678571428572,0,3.5,12.5,7.0,25.0,4
1984,Belgium,1,1,2,4,21.0,86.0,20627.0,0,0.3333333333333333,3.0,1.0,9.0,4
1964,Belgium,2,0,1,3,20.0,74.0,16441.678571428572,0,0.6666666666666666,3.3333333333333335,2.0,10.0,4
2004,Belgium,1,0,2,3,51.0,70.0,30202.0,0,0.6666666666666666,4.666666666666667,2.0,14.0,4
2008,Belgium,2,0,0,2,37.0,112.0,35003.0,0,1.0,4.666666666666667,3.0,14.0,4
2000,Belgium,0,2,3,5,55.0,94.0,23080.0,0,0.6666666666666666,3.6666666666666665,2.0,11.0,4
1960,Belgium,0,2,2,4,26.0,150.0,16441.678571428572,0,1.3333333333333333,4.333333333333333,4.0,13.0,4
1968,Belgium,0,1,1,2,36.0,106.0,22962.0,0,0.6666666666666666,3.0,2.0,9.0,4
1908,Belgium,1,5,2,8,10.0,99.0,16441.678571428572,0,6.0,17.0,6.0,17.0,4
1996,Belgium,2,2,2,6,31.0,81.0,34557.0,0,0.3333333333333333,3.0,1.0,9.0,4
1988,Belgium,0,0,2,2,44.0,85.0,30974.0,0,0.6666666666666666,3.6666666666666665,2.0,11.0,4
1992,Belgium,0,1,2,3,44.0,103.0,35988.0,0,0.6666666666666666,2.3333333333333335,2.0,7.0,4
2016,Belgium,2,2,2,6,35.0,138.0,25198.0,0,1.0,2.6666666666666665,3.0,8.0,4
1976,Belgium,0,3,3,6,28.0,149.0,37944.0,0,0.6666666666666666,2.3333333333333335,2.0,7.0,4
1920,Belgium,14,11,11,36,5.0,518.0,16441.678571428572,1,3.0,10.333333333333334,9.0,31.0,4
1952,Belgium,2,2,0,4,14.0,184.0,16441.678571428572,0,0.6666666666666666,3.6666666666666665,2.0,11.0,4
1924,Belgium,3,7,3,13,10.0,234.0,16441.678571428572,0,5.666666666666667,16.666666666666668,17.0,50.0,4
2012,Belgium,0,1,2,3,64.0,142.0,30636.0,0,1.0,3.3333333333333335,3.0,10.0,4
1936,Belgium,0,0,3,3,28.0,205.0,16441.678571428572,0,1.0,5.666666666666667,3.0,17.0,4
1932,Belgium,0,0,1,1,26.0,69.0,16441.678571428572,0,5.666666666666667,17.333333333333332,17.0,52.0,4
2024,Belgium,3,1,6,10,25.0,240.0,35003.0,0,1.6666666666666667,5.333333333333333,5.0,16.0,4
1900,Belgium,6,7,4,17,5.0,100.0,16441.678571428572,0,0.0,0.0,0.0,0.0,4
1980,Belgium,1,0,0,1,23.0,84.0,44369.0,0,0.0,3.3333333333333335,0.0,10.0,4
1972,Belgium,0,2,0,2,29.0,106.0,29042.0,0,0.6666666666666666,3.0,2.0,9.0,4
1956,Belgium,0,2,0,2,28.0,82.0,16441.678571428572,0,1.3333333333333333,4.666666666666667,4.0,14.0,4
1928,Belgium,0,1,2,3,29.0,260.0,16441.678571428572,0,6.333333333333333,18.333333333333332,19.0,55.0,4
2020,Bermuda,1,0,0,1,63.0,0.0,299.0,0,0.0,1.0,0.0,1.0,1
1976,Bermuda,0,0,1,1,37.0,0.0,190.0,0,0.0,0.0,0.0,0.0,1
1908,Bohemia,0,0,2,2,17.0,0.0,0.0,0,0.0,2.0,0.0,2.0,2
1900,Bohemia,0,1,1,2,20.0,0.0,0.0,0,0.0,0.0,0.0,0.0,2
2020,Botswana,0,0,1,1,86.0,0.0,677.0,0,0.0,1.0,0.0,1.0,1
2024,Botswana,1,1,0,2,55.0,0.0,703.0,0,0.0,1.0,0.0,2.0,1
2012,Botswana,0,1,0,1,70.0,0.0,826.0,0,0.0,0.0,0.0,0.0,1
2012,Brazil,3,5,9,17,22.0,306.0,151644.0,0,2.6666666666666665,13.0,8.0,39.0,4
1952,Brazil,1,0,2,3,24.0,119.0,55809.380952380954,0,0.5,2.0,1.0,4.0,4
1960,Brazil,0,0,2,2,39.0,86.0,55809.380952380954,0,0.6666666666666666,1.6666666666666667,2.0,5.0,4
2004,Brazil,5,2,3,10,16.0,318.0,54764.0,0,1.6666666666666667,10.0,5.0,30.0,4
2008,Brazil,3,4,10,17,23.0,338.0,114797.0,0,2.6666666666666665,12.333333333333334,8.0,37.0,4
2016,Brazil,7,6,6,19,13.0,583.0,95470.0,1,3.6666666666666665,14.666666666666666,11.0,44.0,4
1956,Brazil,1,0,0,1,24.0,63.0,55809.380952380954,0,0.6666666666666666,2.3333333333333335,2.0,7.0,4
1948,Brazil,0,0,1,1,34.0,105.0,55809.380952380954,0,1.0,3.0,1.0,3.0,4
1992,Brazil,2,1,0,3,25.0,233.0,50314.0,0,1.3333333333333333,6.0,4.0,18.0,4
1964,Brazil,0,0,1,1,35.0,65.0,55809.380952380954,0,0.6666666666666666,2.0,2.0,6.0,4
1996,Brazil,3,3,9,15,25.0,251.0,105315.0,0,1.3333333333333333,5.666666666666667,4.0,17.0,4
1976,Brazil,0,0,2,2,36.0,89.0,81744.0,0,0.0,2.0,0.0,6.0,4
1968,Brazil,0,1,2,3,35.0,89.0,36019.0,0,0.3333333333333333,1.3333333333333333,1.0,4.0,4
2000,Brazil,0,6,6,12,53.0,236.0,63921.0,0,2.0,8.0,6.0,24.0,4
1988,Brazil,1,2,3,6,24.0,233.0,58776.0,0,1.0,4.666666666666667,3.0,14.0,4
1980,Brazil,2,0,2,4,17.0,149.0,83065.0,0,0.0,2.3333333333333335,0.0,7.0,4
1972,Brazil,0,0,2,2,41.0,104.0,45637.0,0,0.0,2.0,0.0,6.0,4
2020,Brazil,7,6,8,21,12.0,416.0,69103.0,0,4.333333333333333,17.666666666666668,13.0,53.0,4
1920,Brazil,1,1,1,3,15.0,38.0,55809.380952380954,0,0.0,0.0,0.0,0.0,4
2024,Brazil,3,7,10,20,20.0,401.0,114797.0,0,5.666666666666667,19.0,17.0,57.0,4
1984,Brazil,1,5,2,8,19.0,197.0,46631.0,0,0.6666666666666666,2.6666666666666665,2.0,8.0,4
1960,British West Indies,0,0,2,2,39.0,0.0,0.0,0,0.0,0.0,0.0,0.0,2
1988,Bulgaria,10,12,13,35,7.0,281.0,4287.0,0,6.666666666666667,28.0,20.0,84.0,4
1972,Bulgaria,6,10,5,21,9.0,226.0,1913.5,0,2.0,8.666666666666666,6.0,26.0,4
2024,Bulgaria,3,1,3,7,26.0,61.0,3665.0,0,1.0,4.0,3.0,12.0,4
1992,Bulgaria,3,7,6,16,18.0,236.0,1567.0,0,8.0,32.666666666666664,24.0,98.0,4
1976,Bulgaria,6,9,7,22,7.0,254.0,1913.5,0,3.6666666666666665,13.333333333333334,11.0,40.0,4
2016,Bulgaria,0,1,2,3,66.0,58.0,2847.0,0,1.0,6.666666666666667,3.0,20.0,4
1952,Bulgaria,0,0,1,1,40.0,179.0,1913.5,0,0.0,0.0,0.0,0.0,4
2012,Bulgaria,0,2,1,3,60.0,75.0,3311.0,0,2.6666666666666665,10.0,8.0,30.0,4
1996,Bulgaria,3,7,5,15,22.0,181.0,1495.0,0,7.0,30.666666666666668,21.0,92.0,4
1980,Bulgaria,8,16,17,41,3.0,397.0,6924.0,0,4.666666666666667,17.333333333333332,14.0,52.0,4
2004,Bulgaria,2,1,9,12,33.0,119.0,2122.0,0,3.6666666666666665,14.666666666666666,11.0,44.0,4
2020,Bulgaria,3,1,2,6,30.0,56.0,3288.0,0,0.3333333333333333,3.6666666666666665,1.0,11.0,4
1964,Bulgaria,3,5,2,10,11.0,116.0,1913.5,0,0.6666666666666666,4.333333333333333,2.0,13.0,4
1960,Bulgaria,1,3,3,7,15.0,183.0,1913.5,0,0.5,3.0,1.0,6.0,4
2000,Bulgaria,5,6,2,13,16.0,150.0,1272.0,0,5.333333333333333,22.0,16.0,66.0,4
2008,Bulgaria,1,1,3,5,42.0,87.0,3665.0,0,3.3333333333333335,13.333333333333334,10.0,40.0,4
1968,Bulgaria,2,4,3,9,18.0,189.0,1913.5,0,1.6666666666666667,7.333333333333333,5.0,22.0,4
1956,Bulgaria,1,3,1,5,19.0,82.0,1913.5,0,0.0,1.0,0.0,1.0,4
2020,Burkina Faso,0,0,1,1,86.0,0.0,806.0,0,0.0,0.0,0.0,0.0,1
2016,Burundi,0,1,0,1,69.0,10.0,118.0,0,1.0,1.0,1.0,1.0,1
1996,Burundi,1,0,0,1,49.0,7.0,80.0,0,0.0,0.0,0.0,0.0,1
2024,Cabo Verde,0,0,1,1,84.0,7.0,109.0,0,0.0,0.0,0.0,0.0,1
2012,Cameroon,0,0,1,1,79.0,32.0,1826.0,0,1.0,1.0,3.0,3.0,1
1968,Cameroon,0,1,0,1,39.0,5.0,1042.0,0,0.0,0.0,0.0,0.0,1
1984,Cameroon,0,0,1,1,43.0,56.0,1795.0,0,0.0,1.0,0.0,1.0,1
2008,Cameroon,1,0,0,1,53.0,32.0,1853.0,0,0.6666666666666666,1.0,2.0,3.0,1
2000,Cameroon,1,0,0,1,50.0,39.0,1010.0,0,0.0,1.0,0.0,2.0,1
2004,Cameroon,1,0,0,1,54.0,19.0,1522.0,0,0.3333333333333333,1.0,1.0,3.0,1
2004,Canada,3,6,3,12,21.0,391.0,84019.0,0,4.333333333333333,18.0,13.0,54.0,4
1984,Canada,10,18,16,44,6.0,572.0,88334.0,0,0.3333333333333333,7.0,1.0,21.0,4
1948,Canada,0,1,2,3,25.0,188.0,45313.392857142855,0,2.3333333333333335,13.333333333333334,7.0,40.0,4
1960,Canada,0,1,0,1,32.0,140.0,45313.392857142855,0,1.0,4.0,3.0,12.0,4
2012,Canada,2,6,10,18,27.0,354.0,112461.0,0,3.0,15.333333333333334,9.0,46.0,4
1972,Canada,0,2,3,5,27.0,344.0,88660.0,0,0.6666666666666666,3.3333333333333335,2.0,10.0,4
1988,Canada,3,2,5,10,19.0,503.0,97257.0,0,3.3333333333333335,20.0,10.0,60.0,4
2000,Canada,3,3,8,14,24.0,422.0,72635.0,0,4.333333333333333,16.666666666666668,13.0,50.0,4
1900,Canada,1,0,1,2,13.0,7.0,45313.392857142855,0,0.0,0.0,0.0,0.0,4
1976,Canada,0,5,6,11,27.0,531.0,110624.0,1,0.6666666666666666,4.666666666666667,2.0,14.0,4
2008,Canada,3,9,8,20,20.0,449.0,105124.0,0,3.0,16.0,9.0,48.0,4
1956,Canada,2,1,3,6,15.0,150.0,45313.392857142855,0,0.6666666666666666,5.0,2.0,15.0,4
1952,Canada,1,2,0,3,21.0,154.0,45313.392857142855,0,1.0,9.333333333333334,3.0,28.0,4
1992,Canada,7,4,7,18,11.0,445.0,91140.0,0,4.333333333333333,21.666666666666668,13.0,65.0,4
1968,Canada,1,3,1,5,23.0,291.0,76564.0,0,1.0,3.6666666666666665,3.0,11.0,4
1996,Canada,3,11,8,22,21.0,408.0,78086.0,0,6.666666666666667,24.0,20.0,72.0,4
1964,Canada,1,2,1,4,22.0,194.0,45313.392857142855,0,1.0,3.3333333333333335,3.0,10.0,4
1904,Canada,4,1,1,6,3.0,61.0,45313.392857142855,0,1.0,2.0,1.0,2.0,4
1912,Canada,3,2,3,8,9.0,60.0,45313.392857142855,0,2.6666666666666665,8.0,8.0,24.0,4
2016,Canada,4,3,15,22,20.0,405.0,81234.0,0,2.6666666666666665,16.666666666666668,8.0,50.0,4
1920,Canada,3,3,3,9,12.0,85.0,45313.392857142855,0,3.3333333333333335,10.0,10.0,30.0,4
1924,Canada,0,3,1,4,20.0,83.0,45313.392857142855,0,3.0,11.0,9.0,33.0,4
1936,Canada,1,3,5,9,17.0,167.0,45313.392857142855,0,2.0,11.666666666666666,6.0,35.0,4
1908,Canada,3,3,10,16,7.0,148.0,45313.392857142855,0,2.5,4.0,5.0,8.0,4
2024,Canada,9,7,11,27,12.0,538.0,105124.0,0,4.333333333333333,21.333333333333332,13.0,64.0,4
1928,Canada,4,4,7,15,10.0,113.0,45313.392857142855,0,2.0,7.0,6.0,21.0,4
1932,Canada,2,5,9,16,13.0,191.0,45313.392857142855,0,2.3333333333333335,9.333333333333334,7.0,28.0,4
2020,Canada,7,7,10,24,11.0,509.0,77513.0,0,3.0,20.0,9.0,60.0,4
1948,Ceylon,0,1,0,1,28.0,0.0,0.0,0,0.0,0.0,0.0,0.0,2
2008,Chile,0,1,0,1,72.0,29.0,12156.0,0,0.6666666666666666,1.6666666666666667,2.0,5.0,2
1956,Chile,0,2,2,4,27.0,43.0,5622.125,0,0.0,1.5,0.0,3.0,2
1988,Chile,0,1,0,1,36.0,23.0,4953.0,0,0.0,2.3333333333333335,0.0,7.0,2
1928,Chile,0,1,0,1,30.0,46.0,5622.125,0,0.0,0.0,0.0,0.0,2
2000,Chile,0,0,1,1,71.0,58.0,7622.0,0,0.0,2.3333333333333335,0.0,7.0,2
2024,Chile,1,1,0,2,55.0,52.0,12156.0,0,0.6666666666666666,1.6666666666666667,2.0,5.0,2
1952,Chile,0,2,0,2,31.0,82.0,5622.125,0,0.0,1.0,0.0,1.0,2
2004,Chile,2,0,1,3,39.0,29.0,8090.0,0,0.0,2.0,0.0,6.0,2
2024,China,40,27,24,91,2.0,587.0,311045.0,0,34.333333333333336,83.66666666666667,103.0,251.0,0
2004,China,32,17,14,63,2.0,518.0,160032.0,0,20.0,54.0,60.0,162.0,0
2008,China,48,22,30,100,1.0,730.0,311045.0,1,25.333333333333332,57.0,76.0,171.0,0
2012,China,39,31,22,92,2.0,479.0,524915.0,0,36.0,73.66666666666667,108.0,221.0,0
2016,China,26,18,26,70,3.0,499.0,597351.0,0,39.666666666666664,85.0,119.0,255.0,0
2020,China,38,32,19,89,2.0,574.0,687811.0,0,37.666666666666664,87.33333333333333,113.0,262.0,0
1984,China,15,8,9,32,4.0,323.0,64366.0,0,0.0,0.0,0.0,0.0,0
1988,China,5,11,12,28,11.0,427.0,59630.0,0,15.0,32.0,15.0,32.0,0
1996,China,16,22,12,50,4.0,438.0,106966.0,0,12.0,38.0,36.0,114.0,0
2000,China,28,16,14,58,3.0,414.0,118150.0,0,12.333333333333334,44.0,37.0,132.0,0
1992,China,16,22,16,54,4.0,394.0,65455.0,0,10.0,30.0,20.0,60.0,0
2008,Chinese Taipei,1,1,2,4,44.0,0.0,25348.2,0,0.6666666666666666,3.6666666666666665,2.0,11.0,2
1984,Chinese Taipei,0,0,1,1,43.0,0.0,25348.2,0,0.0,0.0,0.0,0.0,2
2024,Chinese Taipei,2,0,5,7,35.0,0.0,253482.0,0,1.3333333333333333,5.666666666666667,4.0,17.0,2
2020,Chinese Taipei,2,4,6,12,34.0,0.0,25348.2,0,1.0,3.0,3.0,9.0,2
1996,Chinese Taipei,0,1,0,1,61.0,0.0,25348.2,0,0.0,1.0,0.0,2.0,2
2000,Chinese Taipei,0,1,4,5,58.0,0.0,25348.2,0,0.0,1.0,0.0,3.0,2
2016,Chinese Taipei,1,0,2,3,50.0,0.0,25348.2,0,1.3333333333333333,3.6666666666666665,4.0,11.0,2
2012,Chinese Taipei,1,0,1,2,48.0,0.0,25348.2,0,1.0,4.666666666666667,3.0,14.0,2
2004,Chinese Taipei,2,2,1,5,31.0,0.0,25348.2,0,0.0,2.3333333333333335,0.0,7.0,2
1992,Chinese Taipei,0,1,0,1,49.0,0.0,25348.2,0,0.0,1.0,0.0,1.0,2
2016,Colombia,3,2,3,8,22.0,157.0,15012.0,0,0.3333333333333333,4.666666666666667,1.0,14.0,2
2008,Colombia,0,2,1,3,60.0,90.0,16395.0,0,0.3333333333333333,1.3333333333333333,1.0,4.0,2
1984,Colombia,0,1,0,1,33.0,48.0,9458.0,0,0.0,3.0,0.0,3.0,2
1992,Colombia,0,0,1,1,54.0,61.0,8935.0,0,0.0,1.6666666666666667,0.0,5.0,2
2020,Colombia,0,4,1,5,66.0,77.0,12637.0,0,1.3333333333333333,6.666666666666667,4.0,20.0,2
2024,Colombia,0,3,1,4,66.0,105.0,16395.0,0,1.3333333333333333,7.333333333333333,4.0,22.0,2
1988,Colombia,0,0,1,1,46.0,57.0,7468.0,0,0.0,2.0,0.0,4.0,2
2000,Colombia,1,0,0,1,50.0,54.0,9723.0,0,0.0,1.0,0.0,3.0,2
2012,Colombia,1,3,5,9,38.0,120.0,22777.0,0,0.3333333333333333,2.0,1.0,6.0,2
2004,Colombia,0,0,2,2,68.0,71.0,9565.0,0,0.3333333333333333,1.0,1.0,3.0,2
1972,Colombia,0,1,2,3,31.0,75.0,6730.0,0,0.0,0.0,0.0,0.0,2
1988,Costa Rica,0,1,0,1,36.0,0.0,860.0,0,0.0,0.0,0.0,0.0,1
2000,Costa Rica,0,0,2,2,69.0,0.0,1444.0,0,0.5,1.0,1.0,2.0,1
1996,Costa Rica,1,0,0,1,49.0,0.0,1419.0,0,0.0,1.0,0.0,1.0,1
1996,Croatia,1,1,0,2,45.0,0.0,2964.0,0,0.0,3.0,0.0,3.0,2
2020,Croatia,3,3,2,8,26.0,0.0,2691.0,0,2.6666666666666665,7.0,8.0,21.0,2
2008,Croatia,0,2,3,5,59.0,0.0,4613.0,0,1.0,3.0,3.0,9.0,2
2000,Croatia,1,0,1,2,49.0,0.0,2139.0,0,0.5,2.5,1.0,5.0,2
2004,Croatia,1,2,2,5,44.0,0.0,3405.0,0,0.6666666666666666,2.3333333333333335,2.0,7.0,2
2016,Croatia,5,3,2,10,17.0,0.0,2777.0,0,1.3333333333333333,5.333333333333333,4.0,16.0,2
1992,Croatia,0,1,2,3,44.0,0.0,1608.0,0,0.0,0.0,0.0,0.0,2
2012,Croatia,3,1,2,6,26.0,0.0,3511.0,0,0.6666666666666666,4.0,2.0,12.0,2
2024,Croatia,2,2,3,7,30.0,0.0,3511.0,0,3.6666666666666665,8.0,11.0,24.0,2
2020,Cuba,7,3,5,15,14.0,82.0,5004.0,0,4.333333333333333,18.666666666666668,13.0,56.0,4
1996,Cuba,9,8,8,25,8.0,178.0,3071.0,0,9.333333333333334,21.333333333333332,28.0,64.0,4
1976,Cuba,6,4,3,13,8.0,194.0,7344.0,0,1.0,4.333333333333333,3.0,13.0,4
1992,Cuba,14,6,11,31,5.0,196.0,3367.0,0,5.666666666666667,13.666666666666666,17.0,41.0,4
1980,Cuba,8,7,5,20,4.0,288.0,6950.0,0,3.0,8.333333333333334,9.0,25.0,4
1900,Cuba,1,1,0,2,12.0,2.0,3235.235294117647,0,0.0,0.0,0.0,0.0,4
2024,Cuba,2,1,6,9,32.0,69.0,3788.0,0,5.666666666666667,13.666666666666666,17.0,41.0,4
1968,Cuba,0,4,0,4,31.0,227.0,3235.235294117647,0,1.0,1.6666666666666667,3.0,5.0,4
1904,Cuba,3,0,0,3,4.0,6.0,3235.235294117647,0,1.0,2.0,1.0,2.0,4
2016,Cuba,5,2,4,11,18.0,143.0,4836.0,0,5.666666666666667,24.0,17.0,72.0,4
2008,Cuba,3,10,17,30,19.0,171.0,3788.0,0,9.666666666666666,27.0,29.0,81.0,4
1964,Cuba,0,1,0,1,30.0,76.0,3235.235294117647,0,1.3333333333333333,2.0,4.0,6.0,4
1948,Cuba,0,1,0,1,28.0,112.0,3235.235294117647,0,2.0,2.5,4.0,5.0,4
2004,Cuba,9,7,11,27,11.0,177.0,3108.0,0,11.333333333333334,28.333333333333332,34.0,85.0,4
2012,Cuba,5,3,7,15,16.0,118.0,4471.0,0,7.666666666666667,28.666666666666668,23.0,86.0,4
1972,Cuba,3,1,4,8,14.0,201.0,6311.0,0,0.0,2.0,0.0,6.0,4
2000,Cuba,11,11,7,29,9.0,271.0,2961.0,0,10.333333333333334,25.333333333333332,31.0,76.0,4
2012,Cyprus,0,1,0,1,70.0,13.0,1512.0,0,0.0,0.0,0.0,0.0,1
2024,Cyprus,0,1,0,1,74.0,23.0,1861.0,0,0.0,1.0,0.0,1.0,1
2016,Czech Republic,1,2,7,10,43.0,0.0,12648.125,0,2.6666666666666665,9.0,8.0,27.0,2
2000,Czech Republic,2,3,3,8,28.0,0.0,12648.125,0,4.0,11.0,4.0,11.0,2
2024,Czech Republic,3,0,2,5,28.0,0.0,101185.0,0,3.0,10.666666666666666,9.0,32.0,2
2004,Czech Republic,1,3,5,9,42.0,0.0,12648.125,0,3.0,9.5,6.0,19.0,2
1996,Czech Republic,4,3,4,11,17.0,0.0,12648.125,0,0.0,0.0,0.0,0.0,2
2012,Czech Republic,4,4,3,11,19.0,0.0,12648.125,0,2.0,8.0,6.0,24.0,2
2008,Czech Republic,3,3,1,7,25.0,0.0,12648.125,0,2.3333333333333335,9.333333333333334,7.0,28.0,2
2020,Czech Republic,4,4,3,11,18.0,0.0,12648.125,0,2.6666666666666665,9.333333333333334,8.0,28.0,2
1976,Czechoslovakia,2,2,4,8,17.0,0.0,0.0,0,4.666666666666667,11.666666666666666,14.0,35.0,2
1972,Czechoslovakia,2,4,2,8,18.0,0.0,0.0,0,5.0,11.666666666666666,15.0,35.0,2
1924,Czechoslovakia,1,4,5,10,15.0,0.0,0.0,0,0.0,2.0,0.0,2.0,2
1936,Czechoslovakia,3,5,1,9,13.0,0.0,0.0,0,1.3333333333333333,8.333333333333334,4.0,25.0,2
1932,Czechoslovakia,1,3,2,6,17.0,0.0,0.0,0,1.0,7.0,3.0,21.0,2
1964,Czechoslovakia,5,6,3,14,9.0,0.0,0.0,0,3.6666666666666665,9.0,11.0,27.0,2
1960,Czechoslovakia,3,2,3,8,10.0,0.0,0.0,0,4.666666666666667,10.0,14.0,30.0,2
1920,Czechoslovakia,0,0,2,2,21.0,0.0,0.0,0,0.0,0.0,0.0,0.0,2
1948,Czechoslovakia,6,2,3,11,8.0,0.0,0.0,0,2.0,8.0,6.0,24.0,2
1988,Czechoslovakia,3,3,2,8,17.0,0.0,0.0,0,2.0,10.0,6.0,30.0,2
1968,Czechoslovakia,7,2,4,13,7.0,0.0,0.0,0,3.0,9.333333333333334,9.0,28.0,2
1992,Czechoslovakia,4,2,1,7,15.0,0.0,0.0,0,2.3333333333333335,10.0,7.0,30.0,2
1928,Czechoslovakia,2,5,2,9,14.0,0.0,0.0,0,0.5,6.0,1.0,12.0,2
1980,Czechoslovakia,2,3,9,14,13.0,0.0,0.0,0,3.6666666666666665,9.666666666666666,11.0,29.0,2
1956,Czechoslovakia,1,4,1,6,18.0,0.0,0.0,0,5.333333333333333,11.0,16.0,33.0,2
1952,Czechoslovakia,7,3,3,13,6.0,0.0,0.0,0,3.3333333333333335,8.666666666666666,10.0,26.0,2
1920,Denmark,3,9,1,13,10.0,246.0,10415.586206896553,0,0.6666666666666666,7.666666666666667,2.0,23.0,2
1936,Denmark,0,2,3,5,23.0,173.0,10415.586206896553,0,1.6666666666666667,7.666666666666667,5.0,23.0,2
1992,Denmark,1,1,4,6,30.0,144.0,23440.0,0,1.3333333333333333,5.0,4.0,15.0,2
1980,Denmark,2,1,2,5,16.0,60.0,24764.0,0,1.0,4.0,3.0,12.0,2
2000,Denmark,2,3,1,6,30.0,124.0,15983.0,0,2.3333333333333335,5.333333333333333,7.0,16.0,2
2016,Denmark,2,6,7,15,27.0,143.0,16579.0,0,2.0,8.0,6.0,24.0,2
1964,Denmark,2,1,3,6,18.0,71.0,10415.586206896553,0,1.6666666666666667,5.333333333333333,5.0,16.0,2
1956,Denmark,1,2,1,4,20.0,51.0,10415.586206896553,0,2.3333333333333335,10.333333333333334,7.0,31.0,2
1908,Denmark,0,2,3,5,16.0,107.0,10415.586206896553,0,1.0,6.0,2.0,12.0,2
2020,Denmark,3,4,4,11,25.0,138.0,16631.0,0,2.0,10.333333333333334,6.0,31.0,2
1932,Denmark,0,5,3,8,20.0,94.0,10415.586206896553,0,2.6666666666666665,9.333333333333334,8.0,28.0,2
2004,Denmark,2,1,5,8,34.0,115.0,20607.0,0,2.3333333333333335,6.0,7.0,18.0,2
1952,Denmark,2,1,3,6,15.0,201.0,10415.586206896553,0,1.6666666666666667,11.0,5.0,33.0,2
1976,Denmark,1,0,2,3,24.0,81.0,23739.0,0,1.3333333333333333,5.0,4.0,15.0,2
2008,Denmark,2,2,3,7,30.0,108.0,24011.0,0,2.6666666666666665,6.666666666666667,8.0,20.0,2
1924,Denmark,2,5,2,9,12.0,158.0,10415.586206896553,0,1.3333333333333333,10.0,4.0,30.0,2
1972,Denmark,1,0,0,1,25.0,155.0,18113.0,0,1.6666666666666667,6.666666666666667,5.0,20.0,2
1984,Denmark,0,3,3,6,27.0,74.0,14564.0,0,1.3333333333333333,3.0,4.0,9.0,2
2024,Denmark,2,2,5,9,29.0,161.0,24011.0,0,2.3333333333333335,11.666666666666666,7.0,35.0,2
1928,Denmark,3,1,2,6,13.0,122.0,10415.586206896553,0,2.0,11.333333333333334,6.0,34.0,2
2012,Denmark,2,4,3,9,30.0,149.0,20076.0,0,2.0,7.0,6.0,21.0,2
1948,Denmark,5,7,8,20,10.0,253.0,10415.586206896553,0,1.0,6.333333333333333,3.0,19.0,2
1912,Denmark,1,6,5,12,14.0,233.0,10415.586206896553,0,0.6666666666666666,5.666666666666667,2.0,17.0,2
1996,Denmark,4,1,1,6,19.0,145.0,23196.0,0,1.0,5.333333333333333,3.0,16.0,2
1896,Denmark,1,2,3,6,9.0,15.0,10415.586206896553,0,0.0,0.0,0.0,0.0,2
1900,Denmark,1,3,2,6,10.0,36.0,10415.586206896553,0,1.0,6.0,1.0,6.0,2
1968,Denmark,1,4,3,8,22.0,93.0,14294.0,0,1.6666666666666667,5.333333333333333,5.0,16.0,2
1960,Denmark,2,3,1,6,13.0,109.0,10415.586206896553,0,2.6666666666666665,10.0,8.0,30.0,2
1988,Denmark,2,1,1,4,23.0,130.0,22044.0,0,1.0,4.666666666666667,3.0,14.0,2
1988,Djibouti,0,0,1,1,46.0,6.0,55.0,0,0.0,0.0,0.0,0.0,2
2024,Dominica,1,0,0,1,62.0,4.0,7.0,0,0.0,0.0,0.0,0.0,1
2012,Dominican Republic,1,1,0,2,47.0,36.0,3704.0,0,0.6666666666666666,1.3333333333333333,2.0,4.0,1
2020,Dominican Republic,0,3,2,5,68.0,69.0,3669.0,0,0.6666666666666666,1.6666666666666667,2.0,5.0,1
2008,Dominican Republic,1,1,0,2,47.0,27.0,3234.0,0,0.5,1.0,1.0,2.0,1
1984,Dominican Republic,0,0,1,1,43.0,24.0,2855.0,0,0.0,0.0,0.0,0.0,1
2016,Dominican Republic,0,0,1,1,78.0,30.0,4003.0,0,1.0,1.6666666666666667,3.0,5.0,1
2004,Dominican Republic,1,0,0,1,54.0,33.0,1808.0,0,0.0,1.0,0.0,1.0,1
2024,Dominican Republic,1,0,2,3,59.0,64.0,3234.0,0,0.3333333333333333,2.6666666666666665,1.0,8.0,1
2020,Ecuador,2,1,0,3,38.0,52.0,4466.0,0,0.5,1.0,1.0,2.0,1
1996,Ecuador,1,0,0,1,49.0,28.0,3097.0,0,0.0,0.0,0.0,0.0,1
2008,Ecuador,0,1,0,1,72.0,26.0,4116.0,0,1.0,1.0,1.0,1.0,1
2024,Ecuador,1,2,2,5,49.0,47.0,4116.0,0,1.0,1.6666666666666667,3.0,5.0,1
2004,Egypt,1,1,3,5,46.0,105.0,10539.25,0,0.0,1.3333333333333333,0.0,4.0,2
2008,Egypt,0,0,2,2,81.0,118.0,10539.25,0,0.3333333333333333,2.6666666666666665,1.0,8.0,2
2016,Egypt,0,0,3,3,75.0,139.0,10539.25,0,0.3333333333333333,3.6666666666666665,1.0,11.0,2
1936,Egypt,2,1,2,5,16.0,66.0,10539.25,0,2.0,4.0,2.0,4.0,2
1952,Egypt,0,0,1,1,40.0,196.0,10539.25,0,2.0,4.666666666666667,6.0,14.0,2
2020,Egypt,1,1,4,6,54.0,198.0,10539.25,0,0.0,3.0,0.0,9.0,2
2012,Egypt,0,3,1,4,56.0,134.0,10539.25,0,0.3333333333333333,2.6666666666666665,1.0,8.0,2
1928,Egypt,2,1,1,4,17.0,43.0,10539.25,0,0.0,0.0,0.0,0.0,2
1984,Egypt,0,1,0,1,33.0,151.0,10539.25,0,0.6666666666666666,2.6666666666666665,2.0,8.0,2
1948,Egypt,2,2,1,5,16.0,166.0,10539.25,0,2.0,4.5,4.0,9.0,2
1960,Egypt,0,1,1,2,30.0,0.0,10539.25,0,1.3333333333333333,3.6666666666666665,4.0,11.0,2
2024,Egypt,1,1,1,3,52.0,210.0,126471.0,0,0.3333333333333333,4.333333333333333,1.0,13.0,2
2004,Eritrea,0,0,1,1,71.0,5.0,71.0,0,0.0,0.0,0.0,0.0,1
1928,Estonia,2,1,2,5,16.0,23.0,662.0,0,1.0,4.5,2.0,9.0,2
2016,Estonia,0,0,1,1,78.0,49.0,1283.0,0,0.3333333333333333,2.3333333333333335,1.0,7.0,2
2008,Estonia,1,1,0,2,47.0,53.0,1624.0,0,0.6666666666666666,2.6666666666666665,2.0,8.0,2
2020,Estonia,1,0,1,2,59.0,42.0,1466.0,0,0.3333333333333333,1.6666666666666667,1.0,5.0,2
2000,Estonia,1,0,2,3,47.0,41.0,534.0,0,1.6666666666666667,4.666666666666667,5.0,14.0,2
1920,Estonia,1,2,0,3,14.0,20.0,662.0,0,0.0,0.0,0.0,0.0,2
2004,Estonia,0,1,2,3,64.0,45.0,975.0,0,1.3333333333333333,4.0,4.0,12.0,2
1924,Estonia,1,1,4,6,17.0,47.0,662.0,0,1.0,3.0,1.0,3.0,2
1992,Estonia,1,0,1,2,34.0,46.0,662.0,0,1.6666666666666667,6.0,5.0,18.0,2
1936,Estonia,2,2,3,7,14.0,36.0,662.0,0,1.3333333333333333,4.666666666666667,4.0,14.0,2
2012,Estonia,0,1,1,2,65.0,36.0,1400.0,0,0.6666666666666666,2.6666666666666665,2.0,8.0,2
1980,Ethiopia,2,0,2,4,17.0,48.0,2435.0,0,0.6666666666666666,1.6666666666666667,2.0,5.0,2
2012,Ethiopia,3,2,3,8,25.0,34.0,2635.0,0,3.3333333333333335,7.333333333333333,10.0,22.0,2
1968,Ethiopia,1,1,0,2,25.0,26.0,2716.0,0,1.0,1.0,2.0,2.0,2
2024,Ethiopia,1,3,0,4,47.0,35.0,1809.0,0,1.6666666666666667,6.666666666666667,5.0,20.0,2
1960,Ethiopia,1,0,0,1,21.0,15.0,1952.357142857143,0,0.0,0.0,0.0,0.0,2
1996,Ethiopia,2,0,1,3,34.0,19.0,1057.0,0,1.0,3.0,3.0,9.0,2
2016,Ethiopia,1,2,5,8,44.0,38.0,3928.0,0,3.0,7.333333333333333,9.0,22.0,2
1992,Ethiopia,1,0,2,3,33.0,24.0,1629.0,0,1.0,2.6666666666666665,3.0,8.0,2
1972,Ethiopia,0,0,2,2,41.0,40.0,2703.0,0,1.0,1.3333333333333333,3.0,4.0,2
2020,Ethiopia,1,1,2,4,56.0,38.0,5018.0,0,2.6666666666666665,7.666666666666667,8.0,23.0,2
2008,Ethiopia,4,2,1,7,17.0,29.0,1809.0,0,2.6666666666666665,6.0,8.0,18.0,2
2000,Ethiopia,4,1,3,8,20.0,27.0,784.0,0,1.6666666666666667,3.3333333333333335,5.0,10.0,2
2004,Ethiopia,2,3,2,7,28.0,27.0,810.0,0,2.3333333333333335,4.666666666666667,7.0,14.0,2
1964,Ethiopia,1,0,0,1,24.0,19.0,1952.357142857143,0,1.0,1.0,1.0,1.0,2
1996,FR Yugoslavia,1,1,2,4,41.0,0.0,0.0,0,0.0,0.0,0.0,0.0,2
2000,FR Yugoslavia,1,1,1,3,44.0,0.0,0.0,0,1.0,4.0,1.0,4.0,2
2024,Fiji,0,1,0,1,74.0,0.0,215.0,0,1.0,1.5,2.0,3.0,1
2020,Fiji,1,0,1,2,59.0,0.0,184.0,0,1.0,1.0,1.0,1.0,1
2016,Fiji,1,0,0,1,54.0,0.0,239.0,0,0.0,0.0,0.0,0.0,1
1988,Finland,1,1,2,4,25.0,101.0,20803.0,0,3.6666666666666665,8.666666666666666,11.0,26.0,4
2004,Finland,0,2,0,2,61.0,67.0,16143.0,0,1.3333333333333333,4.333333333333333,4.0,13.0,4
2008,Finland,1,1,2,4,44.0,70.0,19320.0,0,1.0,3.3333333333333335,3.0,10.0,4
1976,Finland,4,2,0,6,11.0,108.0,16986.0,0,2.3333333333333335,5.666666666666667,7.0,17.0,4
1968,Finland,1,2,1,4,24.0,126.0,9413.0,0,2.3333333333333335,8.333333333333334,7.0,25.0,4
1956,Finland,3,1,11,15,13.0,147.0,8188.961538461538,0,7.333333333333333,20.666666666666668,22.0,62.0,4
1932,Finland,5,8,12,25,8.0,66.0,8188.961538461538,0,12.333333333333334,32.0,37.0,96.0,4
1936,Finland,8,6,6,20,5.0,186.0,8188.961538461538,0,9.0,29.0,27.0,87.0,4
2020,Finland,0,0,2,2,85.0,49.0,12620.0,0,0.3333333333333333,2.6666666666666665,1.0,8.0,4
1992,Finland,1,2,2,5,29.0,130.0,17239.0,0,2.6666666666666665,8.0,8.0,24.0,4
1952,Finland,6,3,13,22,8.0,411.0,8188.961538461538,1,7.0,21.666666666666668,21.0,65.0,4
1972,Finland,3,1,4,8,14.0,133.0,11478.0,0,1.6666666666666667,4.666666666666667,5.0,14.0,4
1996,Finland,1,2,1,4,40.0,105.0,16322.0,0,2.0,7.0,6.0,21.0,4
2012,Finland,0,2,1,3,60.0,69.0,15810.0,0,1.0,3.3333333333333335,3.0,10.0,4
1960,Finland,1,1,3,5,17.0,219.0,8188.961538461538,0,5.666666666666667,19.0,17.0,57.0,4
1912,Finland,9,8,9,26,4.0,233.0,8188.961538461538,0,1.0,5.0,1.0,5.0,4
1948,Finland,8,7,5,20,6.0,215.0,8188.961538461538,0,7.0,23.333333333333332,21.0,70.0,4
1920,Finland,15,10,9,34,3.0,136.0,8188.961538461538,0,5.0,15.5,10.0,31.0,4
1984,Finland,4,2,6,12,15.0,107.0,13078.0,0,3.3333333333333335,7.333333333333333,10.0,22.0,4
1908,Finland,1,1,3,5,13.0,94.0,8188.961538461538,0,0.0,0.0,0.0,0.0,4
2000,Finland,2,1,1,4,31.0,88.0,12268.0,0,1.0,4.333333333333333,3.0,13.0,4
2016,Finland,0,0,1,1,78.0,67.0,12675.0,0,0.3333333333333333,3.0,1.0,9.0,4
1964,Finland,3,0,2,5,12.0,151.0,8188.961538461538,0,3.3333333333333335,14.0,10.0,42.0,4
1980,Finland,3,1,4,8,12.0,125.0,18758.0,0,2.6666666666666665,6.0,8.0,18.0,4
1928,Finland,8,8,9,25,3.0,132.0,8188.961538461538,0,12.666666666666666,32.333333333333336,38.0,97.0,4
1924,Finland,14,13,10,37,2.0,253.0,8188.961538461538,0,8.333333333333334,21.666666666666668,25.0,65.0,4
1960,Formosa,0,1,0,1,32.0,0.0,0.0,0,0.0,0.0,0.0,0.0,2
2008,France,7,16,20,43,10.0,448.0,198141.0,0,13.0,36.0,39.0,108.0,4
1964,France,1,8,6,15,21.0,214.0,86336.93333333333,0,3.3333333333333335,12.333333333333334,10.0,37.0,4
1924,France,13,15,10,38,3.0,636.0,86336.93333333333,1,7.0,24.666666666666668,21.0,74.0,4
1960,France,0,2,3,5,25.0,363.0,86336.93333333333,0,6.666666666666667,20.333333333333332,20.0,61.0,4
1908,France,5,5,9,19,4.0,319.0,86336.93333333333,0,10.666666666666666,38.333333333333336,32.0,115.0,4
1904,France,0,1,0,1,13.0,2.0,86336.93333333333,0,16.0,57.0,32.0,114.0,4
1936,France,7,6,6,19,6.0,303.0,86336.93333333333,0,10.0,26.333333333333332,30.0,79.0,4
2020,France,10,12,11,33,8.0,538.0,123980.0,0,9.333333333333334,40.0,28.0,120.0,4
1952,France,6,6,6,18,7.0,408.0,86336.93333333333,0,9.333333333333334,22.666666666666668,28.0,68.0,4
1976,France,2,3,4,9,15.0,302.0,196680.0,0,3.3333333333333335,14.333333333333334,10.0,43.0,4
1988,France,6,4,6,16,9.0,413.0,193020.0,0,4.333333333333333,17.0,13.0,51.0,4
1920,France,9,19,13,41,8.0,452.0,86336.93333333333,0,4.0,11.333333333333334,12.0,34.0,4
1896,France,5,4,2,11,4.0,26.0,86336.93333333333,0,0.0,0.0,0.0,0.0,4
2012,France,11,11,13,35,7.0,426.0,165043.0,0,10.333333333333334,38.0,31.0,114.0,4
1980,France,6,5,3,14,8.0,200.0,243057.0,0,3.6666666666666665,12.333333333333334,11.0,37.0,4
1984,France,5,7,16,28,12.0,354.0,130021.0,0,3.3333333333333335,12.0,10.0,36.0,4
1948,France,10,6,13,29,3.0,433.0,86336.93333333333,0,8.0,20.0,24.0,60.0,4
1912,France,7,4,3,14,5.0,232.0,86336.93333333333,0,10.666666666666666,41.0,32.0,123.0,4
1992,France,8,5,16,29,9.0,486.0,213111.0,0,5.666666666666667,19.333333333333332,17.0,58.0,4
1956,France,4,4,6,14,11.0,227.0,86336.93333333333,0,7.666666666666667,22.0,23.0,66.0,4
1972,France,2,4,7,13,17.0,356.0,157585.0,0,2.6666666666666665,11.666666666666666,8.0,35.0,4
1900,France,27,39,37,103,1.0,1071.0,86336.93333333333,1,5.0,11.0,5.0,11.0,4
2000,France,13,14,11,38,6.0,470.0,132746.0,0,9.666666666666666,27.333333333333332,29.0,82.0,4
1928,France,6,10,5,21,7.0,422.0,86336.93333333333,0,9.666666666666666,31.0,29.0,93.0,4
2016,France,10,18,14,42,7.0,512.0,131350.0,0,9.666666666666666,37.0,29.0,111.0,4
2004,France,11,9,13,33,7.0,461.0,172674.0,0,12.0,34.666666666666664,36.0,104.0,4
1996,France,15,7,15,37,5.0,453.0,198028.0,0,6.333333333333333,24.333333333333332,19.0,73.0,4
2024,France,16,26,22,64,5.0,801.0,198141.0,1,10.333333333333334,36.666666666666664,31.0,110.0,4
1968,France,7,3,5,15,6.0,311.0,136531.0,0,1.6666666666666667,11.333333333333334,5.0,34.0,4
1932,France,11,5,4,20,3.0,159.0,86336.93333333333,0,9.333333333333334,33.333333333333336,28.0,100.0,4
2012,Gabon,0,1,0,1,70.0,21.0,1027.0,0,0.0,0.0,0.0,0.0,1
1996,Georgia,0,0,2,2,68.0,42.0,355.0,0,0.0,0.0,0.0,0.0,2
2020,Georgia,2,5,1,8,33.0,36.0,726.0,0,2.0,6.666666666666667,6.0,20.0,2
2008,Georgia,3,2,2,7,28.0,38.0,843.0,0,0.6666666666666666,4.0,2.0,12.0,2
2016,Georgia,2,1,4,7,38.0,45.0,798.0,0,2.0,5.666666666666667,6.0,17.0,2
2024,Georgia,3,3,1,7,24.0,38.0,1010.0,0,1.6666666666666667,7.0,5.0,21.0,2
2012,Georgia,1,2,3,6,40.0,36.0,1010.0,0,1.6666666666666667,5.666666666666667,5.0,17.0,2
2000,Georgia,0,0,6,6,68.0,47.0,278.0,0,0.0,2.0,0.0,2.0,2
2004,Georgia,2,2,0,4,32.0,39.0,400.0,0,0.0,4.0,0.0,8.0,2
1952,Germany,0,7,17,24,28.0,0.0,134684.59259259258,0,17.666666666666668,52.0,53.0,156.0,0
1960,Germany,12,19,11,42,4.0,0.0,134684.59259259258,0,14.666666666666666,50.333333333333336,44.0,151.0,0
1992,Germany,33,21,28,82,3.0,0.0,328402.0,0,37.333333333333336,109.0,112.0,327.0,0
2024,Germany,12,13,8,33,10.0,0.0,257858.0,0,12.666666666666666,41.0,38.0,123.0,0
1908,Germany,3,5,5,13,5.0,0.0,134684.59259259258,0,4.666666666666667,12.333333333333334,14.0,37.0,0
1904,Germany,4,5,6,15,2.0,0.0,134684.59259259258,0,5.0,11.0,10.0,22.0,0
1936,Germany,38,31,32,101,1.0,0.0,134684.59259259258,1,6.666666666666667,26.666666666666668,20.0,80.0,0
2016,Germany,17,10,15,42,5.0,0.0,188112.0,0,13.333333333333334,44.666666666666664,40.0,134.0,0
1988,Germany,48,49,45,142,3.5,0.0,268558.0,0,38.0,104.66666666666667,114.0,314.0,0
1968,Germany,14,20,17,51,6.5,0.0,166419.0,0,9.333333333333334,39.333333333333336,28.0,118.0,0
2020,Germany,10,11,16,37,9.0,0.0,184495.0,0,14.666666666666666,42.333333333333336,44.0,127.0,0
2004,Germany,13,16,20,49,6.0,0.0,233452.0,0,22.0,67.66666666666667,66.0,203.0,0
1896,Germany,6,5,2,13,3.0,0.0,134684.59259259258,0,0.0,0.0,0.0,0.0,0
1976,Germany,50,37,42,129,3.0,0.0,278442.0,0,19.0,69.0,57.0,207.0,0
1972,Germany,33,34,39,106,3.5,0.0,235204.0,0,12.0,47.666666666666664,36.0,143.0,0
1900,Germany,4,3,2,9,7.0,0.0,134684.59259259258,0,6.0,13.0,6.0,13.0,0
1932,Germany,5,12,7,24,7.0,0.0,134684.59259259258,0,6.0,23.0,18.0,69.0,0
2012,Germany,11,20,13,44,6.0,0.0,221332.0,0,14.0,48.666666666666664,42.0,146.0,0
1928,Germany,10,7,14,31,2.0,0.0,134684.59259259258,0,4.0,17.666666666666668,12.0,53.0,0
1912,Germany,5,13,7,25,6.0,0.0,134684.59259259258,0,3.6666666666666665,12.333333333333334,11.0,37.0,0
1984,Germany,17,19,23,59,3.0,0.0,180233.0,0,43.333333333333336,120.33333333333333,130.0,361.0,0
1996,Germany,20,18,27,65,3.0,0.0,310465.0,0,32.666666666666664,94.33333333333333,98.0,283.0,0
2000,Germany,13,17,26,56,5.0,0.0,191866.0,0,33.666666666666664,96.33333333333333,101.0,289.0,0
2008,Germany,16,11,14,41,5.0,0.0,257858.0,0,15.333333333333334,56.666666666666664,46.0,170.0,0
1956,Germany,6,13,7,26,7.0,0.0,134684.59259259258,0,14.333333333333334,49.666666666666664,43.0,149.0,0
1980,Germany,47,37,42,126,2.0,0.0,333788.0,0,32.333333333333336,95.33333333333333,97.0,286.0,0
1964,Germany,10,22,18,50,4.0,0.0,134684.59259259258,0,6.0,30.666666666666668,18.0,92.0,0
1964,Ghana,0,0,1,1,35.0,40.0,1164.2,0,0.0,1.0,0.0,1.0,1
1992,Ghana,0,0,1,1,54.0,41.0,963.0,0,0.0,1.0,0.0,3.0,1
1972,Ghana,0,0,1,1,43.0,41.0,1602.0,0,0.0,1.0,0.0,2.0,1
2020,Ghana,0,0,1,1,86.0,16.0,3256.0,0,0.0,1.0,0.0,3.0,1
1960,Ghana,0,1,0,1,32.0,15.0,1164.2,0,0.0,0.0,0.0,0.0,1
1988,Great Britain,5,10,9,24,12.0,0.0,26818.166666666668,0,4.333333333333333,23.666666666666668,13.0,71.0,4
2016,Great Britain,27,23,17,67,2.0,0.0,26818.166666666668,0,19.0,48.666666666666664,57.0,146.0,4
1932,Great Britain,5,7,5,17,9.0,0.0,26818.166666666668,0,8.666666666666666,32.0,26.0,96.0,4
1928,Great Britain,3,10,7,20,11.0,0.0,26818.166666666668,0,11.0,39.0,33.0,117.0,4
1948,Great Britain,3,14,6,23,12.0,0.0,26818.166666666668,0,4.0,17.0,12.0,51.0,4
1936,Great Britain,4,7,3,14,12.0,0.0,26818.166666666668,0,5.666666666666667,23.666666666666668,17.0,71.0,4
1920,Great Britain,14,15,13,42,4.0,0.0,26818.166666666668,0,22.333333333333332,63.0,67.0,189.0,4
2024,Great Britain,14,22,29,65,7.0,0.0,804545.0,0,26.0,65.33333333333333,78.0,196.0,4
2012,Great Britain,29,18,18,65,3.0,0.0,26818.166666666668,0,13.0,36.333333333333336,39.0,109.0,4
1984,Great Britain,5,11,21,37,11.0,0.0,26818.166666666668,0,4.0,17.333333333333332,12.0,52.0,4
1980,Great Britain,5,7,9,21,9.0,0.0,26818.166666666668,0,4.0,14.666666666666666,12.0,44.0,4
1912,Great Britain,10,15,16,41,3.0,0.0,26818.166666666668,0,24.0,59.666666666666664,72.0,179.0,4
1896,Great Britain,2,3,2,7,5.0,0.0,26818.166666666668,0,0.0,0.0,0.0,0.0,4
1956,Great Britain,6,7,11,24,8.0,0.0,26818.166666666668,0,2.6666666666666665,16.0,8.0,48.0,4
1992,Great Britain,5,3,12,20,13.0,0.0,26818.166666666668,0,5.0,27.333333333333332,15.0,82.0,4
2004,Great Britain,9,9,12,30,10.0,0.0,26818.166666666668,0,5.666666666666667,21.0,17.0,63.0,4
2000,Great Britain,11,10,7,28,10.0,0.0,26818.166666666668,0,3.6666666666666665,19.666666666666668,11.0,59.0,4
2008,Great Britain,19,13,19,51,4.0,0.0,26818.166666666668,0,7.0,24.333333333333332,21.0,73.0,4
1972,Great Britain,4,5,9,18,12.0,0.0,26818.166666666668,0,3.6666666666666665,17.0,11.0,51.0,4
1900,Great Britain,15,7,9,31,3.0,0.0,26818.166666666668,0,2.0,7.0,2.0,7.0,4
1968,Great Britain,5,5,3,13,10.0,0.0,26818.166666666668,0,4.0,20.666666666666668,12.0,62.0,4
1904,Great Britain,1,1,0,2,9.0,0.0,26818.166666666668,0,8.5,19.0,17.0,38.0,4
1952,Great Britain,1,2,8,11,18.0,0.0,26818.166666666668,0,4.0,18.0,12.0,54.0,4
1996,Great Britain,1,8,6,15,36.0,0.0,26818.166666666668,0,5.0,27.0,15.0,81.0,4
1976,Great Britain,3,5,5,13,13.0,0.0,26818.166666666668,0,4.333333333333333,16.333333333333332,13.0,49.0,4
1908,Great Britain,56,51,39,146,1.0,0.0,26818.166666666668,0,6.0,13.333333333333334,18.0,40.0,4
1960,Great Britain,2,6,12,20,12.0,0.0,26818.166666666668,0,3.3333333333333335,19.333333333333332,10.0,58.0,4
1964,Great Britain,4,12,2,18,10.0,0.0,26818.166666666668,0,3.0,18.333333333333332,9.0,55.0,4
2020,Great Britain,22,20,22,64,4.0,0.0,26818.166666666668,0,25.0,61.0,75.0,183.0,4
1924,Great Britain,9,13,12,34,4.0,0.0,26818.166666666668,0,26.666666666666668,76.33333333333333,80.0,229.0,4
2016,Greece,3,1,2,6,25.0,104.0,10246.0,0,2.0,7.0,6.0,21.0,4
1912,Greece,1,0,1,2,15.0,77.0,10339.047619047618,0,3.6666666666666665,17.666666666666668,11.0,53.0,4
1992,Greece,2,0,0,2,26.0,76.0,17557.0,0,0.3333333333333333,2.0,1.0,6.0,4
2020,Greece,2,1,1,4,36.0,100.0,8938.0,0,1.0,3.6666666666666665,3.0,11.0,4
1984,Greece,0,1,1,2,30.0,73.0,11712.0,0,0.3333333333333333,2.0,1.0,6.0,4
2004,Greece,6,6,4,16,15.0,499.0,19214.0,1,3.3333333333333335,7.666666666666667,10.0,23.0,4
1980,Greece,1,0,2,3,22.0,45.0,19594.0,0,0.3333333333333333,1.3333333333333333,1.0,4.0,4
1972,Greece,0,2,0,2,29.0,66.0,12969.0,0,0.3333333333333333,1.0,1.0,3.0,4
1920,Greece,0,1,0,1,19.0,98.0,10339.047619047618,0,0.6666666666666666,2.6666666666666665,2.0,8.0,4
2012,Greece,0,0,2,2,77.0,115.0,14665.0,0,3.3333333333333335,10.666666666666666,10.0,32.0,4
2000,Greece,4,6,3,13,17.0,175.0,12248.0,0,2.0,3.6666666666666665,6.0,11.0,4
1904,Greece,1,0,1,2,11.0,17.0,10339.047619047618,0,10.0,47.0,10.0,47.0,4
1996,Greece,4,4,0,8,16.0,180.0,17624.0,0,0.6666666666666666,1.6666666666666667,2.0,5.0,4
1968,Greece,0,0,1,1,42.0,44.0,10513.0,0,0.3333333333333333,1.0,1.0,3.0,4
1988,Greece,0,0,1,1,46.0,72.0,14340.0,0,0.3333333333333333,2.3333333333333335,1.0,7.0,4
1960,Greece,1,0,0,1,21.0,59.0,10339.047619047618,0,0.3333333333333333,1.3333333333333333,1.0,4.0,4
1956,Greece,0,0,1,1,35.0,16.0,10339.047619047618,0,0.3333333333333333,2.3333333333333335,1.0,7.0,4
1896,Greece,10,18,19,47,2.0,148.0,10339.047619047618,1,0.0,0.0,0.0,0.0,4
2024,Greece,1,1,6,8,51.0,126.0,23750.0,0,1.6666666666666667,4.0,5.0,12.0,4
1908,Greece,0,3,1,4,15.0,49.0,10339.047619047618,0,5.5,24.5,11.0,49.0,4
2008,Greece,0,2,1,3,60.0,176.0,23750.0,0,4.666666666666667,12.333333333333334,14.0,37.0,4
2020,Grenada,0,0,1,1,86.0,0.0,25.0,0,0.5,1.0,1.0,2.0,1
2016,Grenada,0,1,0,1,69.0,0.0,34.0,0,1.0,1.0,1.0,1.0,1
2024,Grenada,0,0,2,2,80.0,0.0,32.0,0,0.3333333333333333,1.0,1.0,3.0,1
2012,Grenada,1,0,0,1,50.0,0.0,20.0,0,0.0,0.0,0.0,0.0,1
2024,Guatemala,1,0,1,2,60.0,0.0,2583.0,0,0.0,1.0,0.0,1.0,1
2012,Guatemala,0,1,0,1,70.0,0.0,3022.0,0,0.0,0.0,0.0,0.0,1
1980,Guyana,0,0,1,1,35.0,10.0,192.0,0,0.0,0.0,0.0,0.0,2
1928,Haiti,0,1,0,1,30.0,0.0,0.0,0,0.0,1.0,0.0,1.0,2
1924,Haiti,0,0,1,1,23.0,0.0,0.0,0,0.0,0.0,0.0,0.0,2
2020,Hong Kong,1,2,3,6,49.0,65.0,18890.2,0,0.3333333333333333,1.0,1.0,3.0,1
2012,Hong Kong,0,0,1,1,79.0,55.0,18890.2,0,0.5,1.0,1.0,2.0,1
2004,Hong Kong,0,1,0,1,65.0,42.0,18890.2,0,1.0,1.0,1.0,1.0,1
2024,Hong Kong,2,0,2,4,37.0,51.0,94451.0,0,0.3333333333333333,2.6666666666666665,1.0,8.0,1
1996,Hong Kong,1,0,0,1,49.0,32.0,18890.2,0,0.0,0.0,0.0,0.0,1
2004,Hungary,8,6,3,17,12.0,258.0,8503.0,0,8.666666666666666,22.666666666666668,26.0,68.0,4
2012,Hungary,8,4,6,18,10.0,201.0,7896.0,0,6.333333333333333,14.666666666666666,19.0,44.0,4
2016,Hungary,8,3,4,15,12.0,204.0,6816.0,0,6.333333333333333,15.0,19.0,45.0,4
2024,Hungary,6,7,6,19,14.0,255.0,10696.0,0,7.333333333333333,17.666666666666668,22.0,53.0,4
1988,Hungary,11,6,6,23,6.0,315.0,5652.0,0,5.666666666666667,29.666666666666668,17.0,89.0,4
2020,Hungary,6,7,7,20,15.0,237.0,7342.0,0,6.333333333333333,14.333333333333334,19.0,43.0,4
2000,Hungary,8,6,3,17,13.0,238.0,4586.0,0,9.666666666666666,24.666666666666668,29.0,74.0,4
2008,Hungary,3,5,2,10,21.0,216.0,10696.0,0,7.666666666666667,18.333333333333332,23.0,55.0,4
1996,Hungary,7,4,10,21,12.0,315.0,5752.0,0,9.666666666666666,28.333333333333332,29.0,85.0,4
1992,Hungary,11,12,7,30,8.0,351.0,5919.0,0,7.333333333333333,25.666666666666668,22.0,77.0,4
1904,Hungary,2,1,1,4,5.0,9.0,3562.1071428571427,0,1.5,5.5,3.0,11.0,4
1980,Hungary,7,10,15,32,6.0,392.0,8045.0,0,6.666666666666667,29.666666666666668,20.0,89.0,4
1964,Hungary,10,7,5,22,6.0,319.0,3562.1071428571427,0,10.333333333333334,29.666666666666668,31.0,89.0,4
1968,Hungary,10,10,12,32,4.0,303.0,5109.0,0,8.333333333333334,23.0,25.0,69.0,4
1912,Hungary,3,2,3,8,9.0,207.0,3562.1071428571427,0,2.0,6.0,6.0,18.0,4
1976,Hungary,4,5,13,22,10.0,288.0,7026.0,0,8.666666666666666,29.666666666666668,26.0,89.0,4
1948,Hungary,10,5,12,27,4.0,222.0,3562.1071428571427,0,6.666666666666667,13.666666666666666,20.0,41.0,4
1972,Hungary,6,13,16,35,8.0,367.0,5701.0,0,8.666666666666666,25.0,26.0,75.0,4
1908,Hungary,3,4,2,9,6.0,107.0,3562.1071428571427,0,1.6666666666666667,5.0,5.0,15.0,4
1960,Hungary,6,8,7,21,7.0,312.0,3562.1071428571427,0,11.666666666666666,31.666666666666668,35.0,95.0,4
1928,Hungary,4,5,0,9,9.0,219.0,3562.1071428571427,0,2.6666666666666665,8.666666666666666,8.0,26.0,4
1952,Hungary,16,10,16,42,3.0,345.0,3562.1071428571427,0,8.666666666666666,19.666666666666668,26.0,59.0,4
1900,Hungary,1,2,2,5,11.0,34.0,3562.1071428571427,0,2.0,6.0,2.0,6.0,4
1924,Hungary,2,3,4,9,13.0,140.0,3562.1071428571427,0,2.6666666666666665,7.0,8.0,21.0,4
1956,Hungary,9,10,7,26,4.0,197.0,3562.1071428571427,0,12.0,28.333333333333332,36.0,85.0,4
1936,Hungary,10,1,5,16,3.0,335.0,3562.1071428571427,0,4.0,11.333333333333334,12.0,34.0,4
1896,Hungary,2,1,3,6,6.0,18.0,3562.1071428571427,0,0.0,0.0,0.0,0.0,4
1932,Hungary,6,5,5,16,6.0,118.0,3562.1071428571427,0,3.0,8.666666666666666,9.0,26.0,4
2008,Iceland,0,1,0,1,72.0,31.0,1200.0,0,0.0,1.0,0.0,3.0,1
1956,Iceland,0,1,0,1,31.0,2.0,688.25,0,0.0,0.0,0.0,0.0,1
2000,Iceland,0,0,1,1,71.0,29.0,860.0,0,0.0,1.0,0.0,2.0,1
1984,Iceland,0,0,1,1,43.0,35.0,693.0,0,0.0,1.0,0.0,1.0,1
2016,Independent Olympic Athletes,1,0,1,2,51.0,0.0,0.0,0,0.0,0.0,0.0,0.0,1
1992,Independent Olympic Participants,0,1,2,3,44.0,0.0,0.0,0,0.0,0.0,0.0,0.0,2
2024,India,0,1,5,6,71.0,138.0,81150.0,0,0.3333333333333333,5.0,1.0,15.0,2
2004,India,0,1,0,1,65.0,81.0,58027.0,0,0.3333333333333333,1.0,1.0,3.0,2
1980,India,1,0,0,1,23.0,78.0,65193.0,0,0.3333333333333333,1.0,1.0,3.0,2
2016,India,0,1,1,2,67.0,130.0,122012.0,0,0.3333333333333333,3.3333333333333335,1.0,10.0,2
1900,India,0,2,0,2,19.0,5.0,42586.0,0,0.0,0.0,0.0,0.0,2
2008,India,1,0,2,3,51.0,67.0,81150.0,0,0.0,1.0,0.0,3.0,2
1956,India,1,0,0,1,24.0,79.0,42586.0,0,1.0,1.3333333333333333,3.0,4.0,2
1960,India,0,1,0,1,32.0,49.0,42586.0,0,1.0,1.3333333333333333,3.0,4.0,2
1932,India,1,0,0,1,19.0,26.0,42586.0,0,0.5,1.5,1.0,3.0,2
1936,India,1,0,0,1,20.0,30.0,42586.0,0,0.6666666666666666,1.3333333333333333,2.0,4.0,2
2020,India,1,2,4,7,48.0,151.0,125241.0,0,0.3333333333333333,3.6666666666666665,1.0,11.0,2
1952,India,1,0,1,2,26.0,94.0,42586.0,0,1.0,1.0,3.0,3.0,2
1964,India,1,0,0,1,24.0,111.0,42586.0,0,0.6666666666666666,1.3333333333333333,2.0,4.0,2
1948,India,1,0,0,1,22.0,89.0,42586.0,0,1.0,1.0,3.0,3.0,2
2012,India,0,2,4,6,57.0,95.0,112416.0,0,0.3333333333333333,1.6666666666666667,1.0,5.0,2
1968,India,0,0,1,1,42.0,27.0,56393.0,0,0.6666666666666666,1.0,2.0,3.0,2
1972,India,0,0,1,1,43.0,43.0,55824.0,0,0.3333333333333333,1.0,1.0,3.0,2
2000,India,0,0,1,1,71.0,70.0,45673.0,0,0.3333333333333333,1.0,1.0,3.0,2
1996,India,0,0,1,1,71.0,54.0,48641.0,0,0.3333333333333333,1.0,1.0,3.0,2
1928,India,1,0,0,1,24.0,24.0,42586.0,0,0.0,2.0,0.0,2.0,2
2000,Indonesia,1,3,2,6,38.0,0.0,16078.0,0,1.0,3.3333333333333335,3.0,10.0,2
2020,Indonesia,1,1,3,5,55.0,0.0,49572.0,0,0.6666666666666666,4.0,2.0,12.0,2
1988,Indonesia,0,1,0,1,36.0,0.0,16078.0,0,0.0,0.0,0.0,0.0,2
2004,Indonesia,1,1,2,4,48.0,0.0,21004.0,0,1.3333333333333333,5.0,4.0,15.0,2
2024,Indonesia,2,0,1,3,39.0,0.0,34522.0,0,0.6666666666666666,3.6666666666666665,2.0,11.0,2
1992,Indonesia,2,2,1,5,24.0,0.0,19615.0,0,0.0,1.0,0.0,1.0,2
1996,Indonesia,1,1,2,4,41.0,0.0,28137.0,0,1.0,3.0,2.0,6.0,2
2008,Indonesia,1,1,4,6,40.0,0.0,34522.0,0,1.0,4.666666666666667,3.0,14.0,2
2012,Indonesia,0,2,1,3,60.0,0.0,56443.0,0,1.0,5.333333333333333,3.0,16.0,2
2016,Indonesia,1,2,0,3,46.0,0.0,49533.0,0,0.6666666666666666,4.333333333333333,2.0,13.0,2
2020,Iran,3,2,2,7,27.0,0.0,6441.555555555556,0,3.6666666666666665,7.666666666666667,11.0,23.0,2
1956,Iran,2,2,1,5,14.0,0.0,6441.555555555556,0,0.0,4.0,0.0,8.0,2
2000,Iran,3,0,1,4,27.0,0.0,6441.555555555556,0,0.3333333333333333,2.3333333333333335,1.0,7.0,2
1952,Iran,0,3,4,7,30.0,0.0,6441.555555555556,0,0.0,1.0,0.0,1.0,2
1968,Iran,2,1,2,5,19.0,0.0,6441.555555555556,0,0.6666666666666666,3.6666666666666665,2.0,11.0,2
1948,Iran,0,0,1,1,34.0,0.0,6441.555555555556,0,0.0,0.0,0.0,0.0,2
1988,Iran,0,1,0,1,36.0,0.0,6441.555555555556,0,0.6666666666666666,3.3333333333333335,2.0,10.0,2
2008,Iran,1,0,1,2,52.0,0.0,6441.555555555556,0,2.0,4.333333333333333,6.0,13.0,2
2004,Iran,2,2,2,6,29.0,0.0,6441.555555555556,0,1.3333333333333333,3.3333333333333335,4.0,10.0,2
1964,Iran,0,0,2,2,34.0,0.0,6441.555555555556,0,0.6666666666666666,5.333333333333333,2.0,16.0,2
1972,Iran,0,2,1,3,28.0,0.0,6441.555555555556,0,0.6666666666666666,3.6666666666666665,2.0,11.0,2
1976,Iran,0,1,1,2,33.0,0.0,6441.555555555556,0,0.6666666666666666,3.3333333333333335,2.0,10.0,2
2016,Iran,3,1,4,8,24.0,0.0,6441.555555555556,0,3.3333333333333335,7.0,10.0,21.0,2
1996,Iran,1,1,1,3,43.0,0.0,6441.555555555556,0,0.0,2.0,0.0,6.0,2
2012,Iran,7,5,1,13,12.0,0.0,6441.555555555556,0,2.0,4.0,6.0,12.0,2
2024,Iran,3,6,3,12,21.0,0.0,115948.0,0,4.333333333333333,9.333333333333334,13.0,28.0,2
1960,Iran,0,1,3,4,27.0,0.0,6441.555555555556,0,0.6666666666666666,4.333333333333333,2.0,13.0,2
1992,Iran,0,1,2,3,44.0,0.0,6441.555555555556,0,0.0,2.0,0.0,6.0,2
1960,Iraq,0,0,1,1,41.0,28.0,0.0,0,0.0,0.0,0.0,0.0,2
1996,Ireland,3,0,1,4,28.0,99.0,9360.0,0,0.3333333333333333,1.6666666666666667,1.0,5.0,2
2016,Ireland,0,2,0,2,63.0,93.0,16236.0,0,0.3333333333333333,3.3333333333333335,1.0,10.0,2
1992,Ireland,1,1,0,2,32.0,77.0,8555.0,0,0.0,1.3333333333333333,0.0,4.0,2
2000,Ireland,0,1,0,1,64.0,76.0,9755.0,0,1.3333333333333333,2.3333333333333335,4.0,7.0,2
1964,Ireland,0,0,1,1,35.0,35.0,8539.133333333333,0,1.0,2.6666666666666665,3.0,8.0,2
1928,Ireland,1,0,0,1,24.0,44.0,8539.133333333333,0,0.0,0.0,0.0,0.0,2
1932,Ireland,2,0,0,2,16.0,18.0,8539.133333333333,0,1.0,1.0,1.0,1.0,2
2020,Ireland,2,0,2,4,39.0,150.0,20420.0,0,0.3333333333333333,3.6666666666666665,1.0,11.0,2
2012,Ireland,1,1,4,6,41.0,76.0,13953.0,0,1.0,2.6666666666666665,3.0,8.0,2
1956,Ireland,1,1,3,5,21.0,25.0,8539.133333333333,0,1.0,1.3333333333333333,3.0,4.0,2
2008,Ireland,0,1,2,3,64.0,63.0,18626.0,0,1.3333333333333333,2.3333333333333335,4.0,7.0,2
1984,Ireland,0,1,0,1,33.0,55.0,4964.0,0,0.3333333333333333,2.6666666666666665,1.0,8.0,2
1980,Ireland,0,1,1,2,31.0,57.0,7592.0,0,0.3333333333333333,2.3333333333333335,1.0,7.0,2
1952,Ireland,0,1,0,1,34.0,25.0,8539.133333333333,0,1.5,1.5,3.0,3.0,2
2024,Ireland,4,0,3,7,19.0,185.0,18626.0,0,1.0,4.0,3.0,12.0,2
2000,Israel,0,0,1,1,71.0,58.0,13269.0,0,0.0,1.5,0.0,3.0,1
2008,Israel,0,0,1,1,82.0,60.0,14909.0,0,0.3333333333333333,1.3333333333333333,1.0,4.0,1
2016,Israel,0,0,2,2,77.0,59.0,17045.0,0,0.3333333333333333,1.3333333333333333,1.0,4.0,1
1992,Israel,0,1,1,2,48.0,44.0,12144.0,0,0.0,0.0,0.0,0.0,1
1996,Israel,0,0,1,1,71.0,38.0,14201.0,0,0.0,2.0,0.0,2.0,1
2020,Israel,2,0,2,4,39.0,128.0,19258.0,0,0.3333333333333333,1.6666666666666667,1.0,5.0,1
2004,Israel,1,0,1,2,52.0,46.0,11432.0,0,0.0,1.3333333333333333,0.0,4.0,1
2024,Israel,1,5,1,7,41.0,138.0,14909.0,0,0.6666666666666666,2.3333333333333335,2.0,7.0,1
1984,Italy,14,6,12,32,5.0,368.0,108687.0,0,5.0,15.333333333333334,15.0,46.0,4
1964,Italy,10,10,7,27,5.0,256.0,73221.89285714286,0,9.666666666666666,27.333333333333332,29.0,82.0,4
1992,Italy,6,5,8,19,12.0,431.0,202919.0,0,9.333333333333334,20.333333333333332,28.0,61.0,4
2012,Italy,8,9,11,28,9.0,382.0,129046.0,0,10.333333333333334,31.0,31.0,93.0,4
2004,Italy,10,11,11,32,8.0,474.0,148365.0,0,10.666666666666666,29.333333333333332,32.0,88.0,4
1952,Italy,8,9,4,21,5.0,376.0,73221.89285714286,0,9.666666666666666,30.0,29.0,90.0,4
1900,Italy,3,2,0,5,8.0,36.0,73221.89285714286,0,0.0,0.0,0.0,0.0,4
1980,Italy,8,3,4,15,5.0,203.0,167399.0,0,3.3333333333333335,15.666666666666666,10.0,47.0,4
1960,Italy,13,10,13,36,3.0,402.0,73221.89285714286,1,8.0,24.333333333333332,24.0,73.0,4
2024,Italy,12,13,15,40,9.0,610.0,163658.0,0,8.666666666666666,32.0,26.0,96.0,4
2000,Italy,13,8,13,34,7.0,457.0,112133.0,0,8.333333333333334,22.666666666666668,25.0,68.0,4
1924,Italy,8,3,5,16,5.0,333.0,73221.89285714286,0,6.0,11.0,18.0,33.0,4
2016,Italy,8,12,8,28,9.0,399.0,100331.0,0,8.666666666666666,29.0,26.0,87.0,4
1932,Italy,12,12,12,36,2.0,154.0,73221.89285714286,0,9.333333333333334,19.333333333333332,28.0,58.0,4
1920,Italy,13,5,5,23,7.0,291.0,73221.89285714286,0,2.6666666666666665,5.0,8.0,15.0,4
1996,Italy,13,10,12,35,6.0,460.0,162835.0,0,8.666666666666666,21.666666666666668,26.0,65.0,4
1988,Italy,6,4,4,14,10.0,374.0,170645.0,0,8.0,20.0,24.0,60.0,4
1936,Italy,9,13,5,27,4.0,349.0,73221.89285714286,0,9.0,23.666666666666668,27.0,71.0,4
2020,Italy,10,10,20,40,10.0,524.0,89305.0,0,8.0,27.666666666666668,24.0,83.0,4
2008,Italy,8,9,10,27,9.0,459.0,163658.0,0,12.0,33.666666666666664,36.0,101.0,4
1968,Italy,3,4,9,16,13.0,268.0,97238.0,0,10.333333333333334,29.333333333333332,31.0,88.0,4
1912,Italy,3,1,2,6,11.0,96.0,73221.89285714286,0,2.5,4.5,5.0,9.0,4
1948,Italy,8,11,8,27,5.0,310.0,73221.89285714286,0,9.333333333333334,27.333333333333332,28.0,82.0,4
1976,Italy,2,7,4,13,14.0,312.0,120213.0,0,6.0,20.333333333333332,18.0,61.0,4
1908,Italy,2,2,0,4,9.0,97.0,73221.89285714286,0,3.0,5.0,3.0,5.0,4
1972,Italy,5,3,10,18,10.0,345.0,113781.0,0,8.666666666666666,26.333333333333332,26.0,79.0,4
1956,Italy,8,8,9,25,5.0,207.0,73221.89285714286,0,8.333333333333334,25.0,25.0,75.0,4
1928,Italy,7,5,7,19,5.0,273.0,73221.89285714286,0,8.0,15.0,24.0,45.0,4
2020,Ivory Coast,0,0,1,1,86.0,0.0,5251.5,0,0.5,1.5,1.0,3.0,1
1984,Ivory Coast,0,1,0,1,33.0,0.0,5251.5,0,0.0,0.0,0.0,0.0,1
2016,Ivory Coast,1,0,1,2,51.0,0.0,5251.5,0,0.0,1.0,0.0,1.0,1
2024,Ivory Coast,0,0,1,1,84.0,0.0,21006.0,0,0.3333333333333333,1.3333333333333333,1.0,4.0,1
1972,Jamaica,0,0,1,1,43.0,51.0,1417.0,0,1.0,3.0,3.0,9.0,2
2008,Jamaica,5,4,2,11,15.0,66.0,904.0,0,1.0,6.666666666666667,3.0,20.0,2
2020,Jamaica,4,1,4,9,21.0,87.0,623.0,0,5.0,11.666666666666666,15.0,35.0,2
2016,Jamaica,6,3,2,11,16.0,77.0,726.0,0,3.6666666666666665,9.666666666666666,11.0,29.0,2
1988,Jamaica,0,2,0,2,34.0,49.0,710.0,0,0.3333333333333333,2.6666666666666665,1.0,8.0,2
2000,Jamaica,0,6,3,9,54.0,65.0,858.0,0,0.3333333333333333,4.0,1.0,12.0,2
1984,Jamaica,0,1,2,3,28.0,75.0,571.0,0,0.3333333333333333,2.0,1.0,6.0,2
1948,Jamaica,1,2,0,3,20.0,26.0,787.3529411764706,0,0.0,0.0,0.0,0.0,2
1992,Jamaica,0,3,1,4,38.0,51.0,521.0,0,0.0,2.6666666666666665,0.0,8.0,2
1952,Jamaica,2,3,0,5,13.0,16.0,787.3529411764706,0,1.0,3.0,1.0,3.0,2
2024,Jamaica,1,3,2,6,44.0,81.0,904.0,0,4.666666666666667,11.0,14.0,33.0,2
2012,Jamaica,4,5,4,13,18.0,62.0,882.0,0,2.3333333333333335,8.333333333333334,7.0,25.0,2
1968,Jamaica,0,1,0,1,39.0,35.0,1082.0,0,1.5,4.0,3.0,8.0,2
2004,Jamaica,2,1,2,5,35.0,62.0,813.0,0,0.3333333333333333,6.333333333333333,1.0,19.0,2
1976,Jamaica,1,1,0,2,21.0,36.0,1567.0,0,0.6666666666666666,2.3333333333333335,2.0,7.0,2
1996,Jamaica,1,3,2,6,39.0,69.0,888.0,0,0.0,3.0,0.0,9.0,2
1980,Jamaica,0,0,3,3,34.0,32.0,919.0,0,0.3333333333333333,1.3333333333333333,1.0,4.0,2
1968,Japan,11,7,7,25,3.0,289.0,166813.0,0,8.0,22.0,24.0,66.0,4
2008,Japan,9,8,8,25,8.0,457.0,345734.0,0,8.0,23.0,24.0,69.0,4
1964,Japan,16,5,8,29,3.0,456.0,232884.13043478262,1,3.0,15.333333333333334,9.0,46.0,4
1996,Japan,3,6,5,14,23.0,448.0,609839.0,0,5.666666666666667,22.666666666666668,17.0,68.0,4
1928,Japan,2,2,1,5,15.0,56.0,232884.13043478262,0,0.0,1.5,0.0,3.0,4
1924,Japan,0,0,1,1,23.0,37.0,232884.13043478262,0,0.0,2.0,0.0,2.0,4
1952,Japan,1,6,2,9,17.0,133.0,232884.13043478262,0,5.0,14.333333333333334,15.0,43.0,4
2020,Japan,27,14,17,58,3.0,787.0,236732.0,1,9.333333333333334,34.666666666666664,28.0,104.0,4
1972,Japan,13,8,8,29,5.0,293.0,253994.0,0,10.333333333333334,24.0,31.0,72.0,4
1984,Japan,10,8,14,32,7.0,365.0,333311.0,0,11.0,26.333333333333332,33.0,79.0,4
1936,Japan,6,4,10,20,8.0,325.0,232884.13043478262,0,3.0,8.0,9.0,24.0,4
1932,Japan,7,7,4,18,5.0,203.0,232884.13043478262,0,0.6666666666666666,2.6666666666666665,2.0,8.0,4
1920,Japan,0,2,0,2,17.0,26.0,232884.13043478262,0,0.0,0.0,0.0,0.0,4
2016,Japan,12,8,21,41,6.0,436.0,266067.0,0,10.666666666666666,33.333333333333336,32.0,100.0,4
1960,Japan,4,7,7,18,8.0,278.0,232884.13043478262,0,3.6666666666666665,16.0,11.0,48.0,4
2024,Japan,20,12,13,45,3.0,598.0,345734.0,0,15.333333333333334,45.666666666666664,46.0,137.0,4
1976,Japan,9,6,10,25,5.0,328.0,319664.0,0,13.333333333333334,27.666666666666668,40.0,83.0,4
2012,Japan,7,14,17,38,11.0,399.0,385879.0,0,10.0,26.666666666666668,30.0,80.0,4
1992,Japan,3,8,11,22,17.0,392.0,610498.0,0,7.666666666666667,23.666666666666668,23.0,71.0,4
2000,Japan,5,8,5,18,15.0,363.0,484662.0,0,3.3333333333333335,16.666666666666668,10.0,50.0,4
1988,Japan,4,3,7,14,14.0,412.0,596909.0,0,10.666666666666666,28.666666666666668,32.0,86.0,4
1956,Japan,4,10,5,19,10.0,222.0,232884.13043478262,0,4.666666666666667,15.666666666666666,14.0,47.0,4
2004,Japan,16,9,12,37,5.0,414.0,400499.0,0,3.6666666666666665,18.0,11.0,54.0,4
2016,Jordan,1,0,0,1,54.0,8.0,2099.0,0,0.0,0.0,0.0,0.0,1
2020,Jordan,0,1,1,2,74.0,15.0,2023.0,0,1.0,1.0,1.0,1.0,1
2024,Jordan,0,1,0,1,74.0,13.0,1510.0,0,0.5,1.5,1.0,3.0,1
2024,Kazakhstan,1,3,3,7,43.0,123.0,12768.0,0,1.6666666666666667,12.0,5.0,36.0,2
2020,Kazakhstan,0,0,8,8,83.0,116.0,7988.0,0,2.3333333333333335,12.333333333333334,7.0,37.0,2
2000,Kazakhstan,3,4,0,7,22.0,158.0,1764.0,0,3.0,11.0,3.0,11.0,2
1996,Kazakhstan,3,4,4,11,24.0,142.0,2578.0,0,0.0,0.0,0.0,0.0,2
2012,Kazakhstan,3,2,6,11,23.0,132.0,12768.0,0,2.0,8.0,6.0,24.0,2
2008,Kazakhstan,2,3,4,9,29.0,146.0,9011.0,0,2.3333333333333335,8.666666666666666,7.0,26.0,2
2004,Kazakhstan,1,4,3,8,40.0,130.0,3513.0,0,3.0,9.0,6.0,18.0,2
2016,Kazakhstan,2,5,10,17,30.0,123.0,7277.0,0,2.0,9.333333333333334,6.0,28.0,2
1996,Kenya,1,4,3,8,38.0,54.0,1464.0,0,2.6666666666666665,6.666666666666667,8.0,20.0,2
2012,Kenya,2,4,7,13,29.0,51.0,3440.0,0,3.0,10.0,9.0,30.0,2
1968,Kenya,3,4,2,9,14.0,50.0,1368.0,0,0.0,1.0,0.0,1.0,2
2024,Kenya,4,2,5,11,17.0,77.0,2407.0,0,4.0,12.0,12.0,36.0,2
2004,Kenya,1,4,2,7,41.0,46.0,1298.0,0,1.6666666666666667,7.666666666666667,5.0,23.0,2
1988,Kenya,5,2,2,9,13.0,88.0,1575.0,0,2.0,7.0,6.0,21.0,2
1964,Kenya,0,0,1,1,35.0,41.0,2012.642857142857,0,0.0,0.0,0.0,0.0,2
1992,Kenya,2,4,2,8,21.0,55.0,1238.0,0,2.6666666666666665,7.0,8.0,21.0,2
2016,Kenya,6,6,1,13,15.0,80.0,3956.0,0,3.0,12.0,9.0,36.0,2
1972,Kenya,2,3,4,9,19.0,69.0,1598.0,0,1.5,5.0,3.0,10.0,2
1984,Kenya,1,0,2,3,23.0,67.0,1517.0,0,1.6666666666666667,6.333333333333333,5.0,19.0,2
2000,Kenya,2,3,2,7,29.0,59.0,1219.0,0,2.6666666666666665,8.333333333333334,8.0,25.0,2
2008,Kenya,6,4,6,16,13.0,47.0,2407.0,0,1.3333333333333333,7.333333333333333,4.0,22.0,2
2020,Kenya,4,4,2,10,19.0,89.0,4690.0,0,4.666666666666667,14.0,14.0,42.0,2
2016,Kosovo,1,0,0,1,54.0,0.0,332.0,0,0.0,0.0,0.0,0.0,1
2024,Kosovo,0,1,1,2,73.0,0.0,332.0,0,1.5,1.5,3.0,3.0,1
2020,Kosovo,2,0,0,2,42.0,0.0,338.0,0,1.0,1.0,1.0,1.0,1
2012,Kuwait,0,0,1,1,79.0,0.0,10679.0,0,0.0,1.0,0.0,1.0,1
2020,Kuwait,0,0,1,1,86.0,0.0,5177.0,0,0.0,1.0,0.0,2.0,1
2000,Kuwait,0,0,1,1,71.0,0.0,3659.0,0,0.0,0.0,0.0,0.0,1
2024,Kyrgyzstan,0,2,4,6,68.0,17.0,25709.0,0,0.0,2.3333333333333335,0.0,7.0,1
2000,Kyrgyzstan,0,0,1,1,71.0,71.0,6427.25,0,0.0,0.0,0.0,0.0,1
2008,Kyrgyzstan,0,1,2,3,64.0,22.0,6427.25,0,0.0,1.0,0.0,1.0,1
2020,Kyrgyzstan,0,2,1,3,70.0,17.0,6427.25,0,0.0,2.0,0.0,4.0,1
1936,Latvia,0,1,1,2,24.0,0.0,889.3333333333334,0,0.0,1.0,0.0,1.0,2
2012,Latvia,1,0,1,2,48.0,0.0,1639.0,0,0.6666666666666666,3.3333333333333335,2.0,10.0,2
1932,Latvia,0,1,0,1,22.0,0.0,889.3333333333334,0,0.0,0.0,0.0,0.0,2
2004,Latvia,0,4,0,4,58.0,0.0,1112.0,0,0.3333333333333333,2.3333333333333335,1.0,7.0,2
1996,Latvia,0,1,0,1,61.0,0.0,690.0,0,0.0,2.0,0.0,6.0,2
2020,Latvia,1,0,1,2,59.0,0.0,1539.0,0,0.6666666666666666,3.0,2.0,9.0,2
2000,Latvia,1,1,1,3,44.0,0.0,737.0,0,0.0,2.0,0.0,6.0,2
2008,Latvia,1,1,1,3,46.0,0.0,2287.0,0,0.3333333333333333,2.6666666666666665,1.0,8.0,2
1992,Latvia,0,2,1,3,40.0,0.0,889.3333333333334,0,0.0,1.5,0.0,3.0,2
1972,Lebanon,0,1,0,1,33.0,0.0,0.0,0,0.0,2.0,0.0,2.0,2
1980,Lebanon,0,0,1,1,35.0,0.0,0.0,0,0.0,1.5,0.0,3.0,2
1952,Lebanon,0,1,1,2,32.0,0.0,0.0,0,0.0,0.0,0.0,0.0,2
2012,Lithuania,2,0,3,5,35.0,72.0,2598.0,0,1.0,4.333333333333333,3.0,13.0,1
2016,Lithuania,0,1,3,4,65.0,80.0,2262.0,0,1.0,4.333333333333333,3.0,13.0,1
2000,Lithuania,2,0,3,5,33.0,77.0,1106.0,0,0.5,1.5,1.0,3.0,1
1996,Lithuania,0,0,1,1,71.0,81.0,1016.0,0,1.0,2.0,1.0,2.0,1
2008,Lithuania,0,3,2,5,57.0,78.0,3215.0,0,1.0,3.0,3.0,9.0,1
2024,Lithuania,0,2,2,4,70.0,63.0,2598.0,0,0.6666666666666666,3.3333333333333335,2.0,10.0,1
2004,Lithuania,1,2,0,3,45.0,70.0,1842.0,0,1.0,2.6666666666666665,3.0,8.0,1
2020,Lithuania,0,1,0,1,77.0,59.0,2665.0,0,0.6666666666666666,4.666666666666667,2.0,14.0,1
1992,Lithuania,1,0,1,2,34.0,54.0,1922.4444444444443,0,0.0,0.0,0.0,0.0,1
1920,Luxembourg,0,1,0,1,19.0,35.0,0.0,0,1.0,1.0,1.0,1.0,2
1952,Luxembourg,1,0,0,1,27.0,101.0,0.0,0,0.5,1.0,1.0,2.0,2
1900,Luxembourg,1,0,0,1,14.0,1.0,0.0,0,0.0,0.0,0.0,0.0,2
2000,Macedonia,0,0,1,1,71.0,0.0,0.0,0,0.0,0.0,0.0,0.0,1
2016,Malaysia,0,4,1,5,60.0,0.0,15998.0,0,0.0,1.6666666666666667,0.0,5.0,1
2012,Malaysia,0,1,1,2,65.0,0.0,19317.0,0,0.0,1.3333333333333333,0.0,4.0,1
2024,Malaysia,0,0,2,2,80.0,0.0,15604.0,0,0.0,3.0,0.0,9.0,1
1992,Malaysia,0,0,1,1,54.0,0.0,9054.0,0,0.0,0.0,0.0,0.0,1
2008,Malaysia,0,1,0,1,72.0,0.0,15604.0,0,0.0,1.5,0.0,3.0,1
1996,Malaysia,0,1,1,2,58.0,0.0,12465.0,0,0.0,1.0,0.0,1.0,1
2020,Malaysia,0,1,1,2,74.0,0.0,15779.0,0,0.0,2.6666666666666665,0.0,8.0,1
2008,Mauritius,0,0,1,1,82.0,0.0,653.0,0,0.0,0.0,0.0,0.0,1
1964,Mexico,0,0,1,1,35.0,128.0,39123.59090909091,0,0.3333333333333333,1.3333333333333333,1.0,4.0,2
1956,Mexico,1,0,1,2,23.0,36.0,39123.59090909091,0,0.6666666666666666,3.0,2.0,9.0,2
1992,Mexico,0,1,0,1,49.0,140.0,55677.0,0,0.6666666666666666,4.0,2.0,12.0,2
2000,Mexico,1,2,3,6,40.0,98.0,72370.0,0,0.0,1.3333333333333333,0.0,4.0,2
1960,Mexico,0,0,1,1,41.0,110.0,39123.59090909091,0,1.0,2.6666666666666665,3.0,8.0,2
2020,Mexico,0,0,4,4,84.0,196.0,52476.0,0,1.0,5.666666666666667,3.0,17.0,2
1932,Mexico,0,2,0,2,21.0,100.0,39123.59090909091,0,0.0,0.0,0.0,0.0,2
1976,Mexico,1,0,1,2,25.0,137.0,47425.0,0,1.0,3.6666666666666665,3.0,11.0,2
1972,Mexico,0,1,0,1,33.0,281.0,35289.0,0,1.0,3.6666666666666665,3.0,11.0,2
2004,Mexico,0,3,1,4,59.0,137.0,67056.0,0,0.3333333333333333,2.6666666666666665,1.0,8.0,2
2016,Mexico,0,3,2,5,61.0,139.0,59124.0,0,1.0,5.333333333333333,3.0,16.0,2
1968,Mexico,3,3,3,9,15.0,446.0,31158.0,1,0.3333333333333333,1.3333333333333333,1.0,4.0,2
1936,Mexico,0,0,3,3,28.0,32.0,39123.59090909091,0,0.0,2.0,0.0,2.0,2
1948,Mexico,2,1,2,5,17.0,149.0,39123.59090909091,0,0.0,2.5,0.0,5.0,2
1980,Mexico,0,1,3,4,29.0,74.0,71930.0,0,1.3333333333333333,4.0,4.0,12.0,2
1984,Mexico,2,3,1,6,17.0,155.0,45613.0,0,0.3333333333333333,2.3333333333333335,1.0,7.0,2
1988,Mexico,0,0,2,2,44.0,144.0,34662.0,0,1.0,4.0,3.0,12.0,2
2012,Mexico,1,3,4,8,39.0,119.0,77191.0,0,1.0,4.666666666666667,3.0,14.0,2
1952,Mexico,0,1,0,1,34.0,85.0,39123.59090909091,0,0.6666666666666666,3.3333333333333335,2.0,10.0,2
2024,Mexico,0,3,2,5,65.0,155.0,78622.0,0,0.3333333333333333,5.666666666666667,1.0,17.0,2
1996,Mexico,0,0,1,1,71.0,111.0,53504.0,0,0.6666666666666666,3.0,2.0,9.0,2
2008,Mexico,2,0,2,4,36.0,103.0,78622.0,0,0.3333333333333333,3.6666666666666665,1.0,11.0,2
1896,Mixed team,1,0,1,2,11.0,0.0,0.0,0,0.0,0.0,0.0,0.0,2
1900,Mixed team,8,5,6,19,4.0,0.0,0.0,0,1.0,2.0,1.0,2.0,2
1904,Mixed team,2,1,1,4,5.0,0.0,0.0,0,4.5,10.5,9.0,21.0,2
1996,Moldova,0,1,1,2,58.0,0.0,182.0,0,0.0,0.0,0.0,0.0,1
2000,Moldova,0,1,1,2,61.0,0.0,105.0,0,0.0,2.0,0.0,2.0,1
2008,Moldova,0,0,1,1,82.0,0.0,386.0,0,0.0,2.0,0.0,4.0,1
2024,Moldova,0,1,3,4,72.0,0.0,506.0,0,0.0,1.3333333333333333,0.0,4.0,1
2020,Moldova,0,0,1,1,86.0,0.0,516.0,0,0.0,1.6666666666666667,0.0,5.0,1
2016,Mongolia,0,1,1,2,67.0,0.0,572.0,0,0.6666666666666666,3.3333333333333335,2.0,10.0,1
1992,Mongolia,0,0,2,2,52.0,0.0,181.0,0,0.0,2.0,0.0,6.0,1
2012,Mongolia,0,2,3,5,58.0,0.0,727.0,0,0.6666666666666666,2.0,2.0,6.0,1
2008,Mongolia,2,2,0,4,33.0,0.0,357.0,0,0.0,1.3333333333333333,0.0,4.0,1
1988,Mongolia,0,0,1,1,46.0,0.0,591.0,0,0.0,2.0,0.0,6.0,1
2004,Mongolia,0,0,1,1,71.0,0.0,144.0,0,0.0,1.3333333333333333,0.0,4.0,1
1980,Mongolia,0,2,2,4,27.0,0.0,716.0,0,0.0,2.0,0.0,6.0,1
2020,Mongolia,0,1,3,4,71.0,0.0,600.0,0,0.6666666666666666,3.6666666666666665,2.0,11.0,1
2024,Mongolia,0,1,0,1,74.0,0.0,357.0,0,0.0,3.6666666666666665,0.0,11.0,1
1976,Mongolia,0,1,0,1,34.0,0.0,337.2307692307692,0,0.0,2.5,0.0,5.0,1
1972,Mongolia,0,1,0,1,33.0,0.0,337.2307692307692,0,0.0,4.0,0.0,4.0,1
1996,Mongolia,0,0,1,1,71.0,0.0,139.0,0,0.0,2.3333333333333335,0.0,7.0,1
1968,Mongolia,0,1,3,4,34.0,0.0,337.2307692307692,0,0.0,0.0,0.0,0.0,1
2012,Montenegro,0,1,0,1,70.0,34.0,222.0,0,0.0,0.0,0.0,0.0,1
2000,Morocco,0,1,4,5,58.0,55.0,4176.0,0,0.6666666666666666,2.6666666666666665,2.0,8.0,1
2012,Morocco,0,0,1,1,79.0,67.0,6550.0,0,0.6666666666666666,3.3333333333333335,2.0,10.0,1
2004,Morocco,2,1,0,3,37.0,57.0,5392.0,0,0.3333333333333333,3.3333333333333335,1.0,10.0,1
1996,Morocco,0,0,2,2,68.0,38.0,5318.0,0,1.3333333333333333,2.6666666666666665,4.0,8.0,1
2008,Morocco,0,1,1,2,68.0,49.0,6870.0,0,0.6666666666666666,3.3333333333333335,2.0,10.0,1
1992,Morocco,1,1,1,3,31.0,45.0,5149.0,0,1.0,2.0,3.0,6.0,1
2024,Morocco,1,0,1,2,60.0,63.0,6870.0,0,0.3333333333333333,1.0,1.0,3.0,1
1984,Morocco,2,0,0,2,18.0,35.0,3655.0,0,0.0,1.0,0.0,1.0,1
1988,Morocco,1,0,2,3,28.0,29.0,4888.0,0,1.0,1.5,2.0,3.0,1
2020,Morocco,1,0,0,1,63.0,51.0,5659.0,0,0.0,1.3333333333333333,0.0,4.0,1
1960,Morocco,0,1,0,1,32.0,111.0,5036.416666666667,0,0.0,0.0,0.0,0.0,1
2016,Morocco,0,0,1,1,78.0,52.0,5910.0,0,0.6666666666666666,2.0,2.0,6.0,1
1996,Mozambique,0,0,1,1,71.0,3.0,471.0,0,0.0,0.0,0.0,0.0,1
2000,Mozambique,1,0,0,1,50.0,4.0,558.0,0,0.0,1.0,0.0,1.0,1
1992,Namibia,0,2,0,2,41.0,10.0,505.0,0,0.0,0.0,0.0,0.0,1
1996,Namibia,0,2,0,2,55.0,10.0,466.0,0,0.0,2.0,0.0,2.0,1
2020,Namibia,0,1,0,1,77.0,11.0,472.0,0,0.0,2.0,0.0,4.0,1
1908,Netherlands,0,0,2,2,17.0,218.0,28197.37037037037,0,0.0,5.0,0.0,5.0,4
1952,Netherlands,0,5,0,5,29.0,181.0,28197.37037037037,0,4.333333333333333,13.666666666666666,13.0,41.0,4
1992,Netherlands,2,6,7,15,20.0,257.0,55729.0,0,2.3333333333333335,8.333333333333334,7.0,25.0,4
2008,Netherlands,7,5,4,16,11.0,283.0,64833.0,0,6.666666666666667,22.0,20.0,66.0,4
1984,Netherlands,5,2,6,13,13.0,185.0,35680.0,0,1.0,4.333333333333333,3.0,13.0,4
2012,Netherlands,6,6,8,20,13.0,222.0,52002.0,0,7.666666666666667,21.0,23.0,63.0,4
1932,Netherlands,2,5,1,8,14.0,80.0,28197.37037037037,0,4.666666666666667,13.333333333333334,14.0,40.0,4
1920,Netherlands,4,2,5,11,9.0,213.0,28197.37037037037,0,0.0,3.3333333333333335,0.0,10.0,4
1976,Netherlands,0,2,3,5,29.0,175.0,58343.0,0,2.6666666666666665,7.333333333333333,8.0,22.0,4
2024,Netherlands,15,7,12,34,6.0,449.0,64833.0,0,8.0,25.0,24.0,75.0,4
1964,Netherlands,2,4,4,10,15.0,158.0,28197.37037037037,0,1.6666666666666667,8.0,5.0,24.0,4
1912,Netherlands,0,0,3,3,18.0,45.0,28197.37037037037,0,0.0,3.5,0.0,7.0,4
2016,Netherlands,8,7,4,19,11.0,329.0,42369.0,0,5.666666666666667,19.333333333333332,17.0,58.0,4
1988,Netherlands,2,2,5,9,22.0,202.0,50071.0,0,1.6666666666666667,7.0,5.0,21.0,4
2000,Netherlands,12,9,4,25,8.0,285.0,40723.0,0,2.6666666666666665,14.333333333333334,8.0,43.0,4
2004,Netherlands,4,9,9,22,18.0,264.0,54104.0,0,6.0,19.666666666666668,18.0,59.0,4
1996,Netherlands,4,5,10,19,15.0,290.0,55884.0,0,3.0,12.333333333333334,9.0,37.0,4
1924,Netherlands,4,1,5,10,9.0,246.0,28197.37037037037,0,1.3333333333333333,5.333333333333333,4.0,16.0,4
2020,Netherlands,10,12,14,36,7.0,391.0,43649.0,0,7.0,18.333333333333332,21.0,55.0,4
1968,Netherlands,3,3,1,7,17.0,140.0,31942.0,0,0.6666666666666666,6.0,2.0,18.0,4
1948,Netherlands,5,2,9,16,11.0,187.0,28197.37037037037,0,4.666666666666667,14.666666666666666,14.0,44.0,4
1936,Netherlands,6,4,7,17,9.0,227.0,28197.37037037037,0,4.0,12.333333333333334,12.0,37.0,4
1980,Netherlands,0,1,2,3,30.0,112.0,68382.0,0,2.0,5.666666666666667,6.0,17.0,4
1960,Netherlands,0,1,2,3,28.0,160.0,28197.37037037037,0,3.6666666666666665,12.666666666666666,11.0,38.0,4
1972,Netherlands,3,1,1,5,16.0,199.0,42785.0,0,1.6666666666666667,6.666666666666667,5.0,20.0,4
1900,Netherlands,0,2,3,5,17.0,73.0,28197.37037037037,0,0.0,0.0,0.0,0.0,4
1928,Netherlands,6,9,4,19,8.0,384.0,28197.37037037037,1,2.6666666666666665,8.0,8.0,24.0,4
1988,Netherlands Antilles,0,1,0,1,36.0,0.0,0.0,0,0.0,0.0,0.0,0.0,2
1952,New Zealand,1,0,2,3,24.0,20.0,4847.869565217391,0,0.6666666666666666,1.0,2.0,3.0,2
1932,New Zealand,0,1,0,1,22.0,29.0,4847.869565217391,0,0.3333333333333333,1.0,1.0,3.0,2
2008,New Zealand,3,2,4,9,27.0,201.0,8990.0,0,2.3333333333333335,5.0,7.0,15.0,2
2024,New Zealand,10,7,3,20,11.0,253.0,8990.0,0,5.666666666666667,17.0,17.0,51.0,2
1924,New Zealand,0,0,1,1,23.0,6.0,4847.869565217391,0,0.0,1.0,0.0,1.0,2
1968,New Zealand,1,0,2,3,27.0,65.0,5490.0,0,2.3333333333333335,3.3333333333333335,7.0,10.0,2
1936,New Zealand,1,0,0,1,20.0,9.0,4847.869565217391,0,0.3333333333333333,1.0,1.0,3.0,2
1984,New Zealand,8,1,2,11,8.0,162.0,5350.0,0,1.3333333333333333,3.3333333333333335,4.0,10.0,2
1928,New Zealand,1,0,0,1,24.0,13.0,4847.869565217391,0,0.0,1.0,0.0,2.0,2
2004,New Zealand,3,2,0,5,24.0,184.0,8486.0,0,1.6666666666666667,6.666666666666667,5.0,20.0,2
1960,New Zealand,2,0,1,3,14.0,47.0,4847.869565217391,0,1.3333333333333333,2.0,4.0,6.0,2
1972,New Zealand,1,1,1,3,23.0,112.0,7431.0,0,2.0,3.6666666666666665,6.0,11.0,2
2012,New Zealand,6,2,5,13,14.0,204.0,10812.0,0,2.3333333333333335,6.0,7.0,18.0,2
2020,New Zealand,7,6,7,20,13.0,279.0,9937.0,0,4.333333333333333,13.333333333333334,13.0,40.0,2
1976,New Zealand,2,1,1,4,18.0,98.0,7246.0,0,1.6666666666666667,3.6666666666666665,5.0,11.0,2
2000,New Zealand,1,0,3,4,46.0,177.0,5113.0,0,2.3333333333333335,9.666666666666666,7.0,29.0,2
1996,New Zealand,3,2,1,6,26.0,129.0,8660.0,0,4.0,11.333333333333334,12.0,34.0,2
1964,New Zealand,3,0,2,5,12.0,88.0,4847.869565217391,0,1.6666666666666667,2.6666666666666665,5.0,8.0,2
1920,New Zealand,0,0,1,1,22.0,6.0,4847.869565217391,0,0.0,0.0,0.0,0.0,2
1988,New Zealand,3,2,8,13,18.0,112.0,8607.0,0,3.6666666666666665,6.0,11.0,18.0,2
1956,New Zealand,2,0,0,2,16.0,57.0,4847.869565217391,0,0.6666666666666666,1.6666666666666667,2.0,5.0,2
2016,New Zealand,4,9,5,18,19.0,232.0,10022.0,0,4.0,9.0,12.0,27.0,2
1992,New Zealand,1,4,5,10,28.0,175.0,6367.0,0,4.333333333333333,9.333333333333334,13.0,28.0,2
1972,Niger,0,0,1,1,43.0,0.0,531.0,0,0.0,0.0,0.0,0.0,1
2016,Niger,0,1,0,1,69.0,0.0,530.0,0,0.0,1.0,0.0,1.0,1
1964,Nigeria,0,0,1,1,35.0,0.0,14116.6,0,0.0,0.0,0.0,0.0,2
1972,Nigeria,0,0,1,1,43.0,0.0,9547.0,0,0.0,1.0,0.0,1.0,2
2016,Nigeria,0,0,1,1,78.0,0.0,21496.0,0,0.3333333333333333,3.3333333333333335,1.0,10.0,2
2004,Nigeria,0,0,2,2,68.0,0.0,11093.0,0,1.0,4.333333333333333,3.0,13.0,2
2000,Nigeria,1,2,0,3,41.0,0.0,6727.0,0,0.6666666666666666,4.0,2.0,12.0,2
2020,Nigeria,0,1,1,2,74.0,0.0,20216.0,0,0.0,2.6666666666666665,0.0,8.0,2
1984,Nigeria,0,1,1,2,30.0,0.0,18184.0,0,0.0,1.0,0.0,2.0,2
2008,Nigeria,0,3,2,5,57.0,0.0,22961.0,0,1.0,3.6666666666666665,3.0,11.0,2
1992,Nigeria,0,3,1,4,38.0,0.0,7963.0,0,0.0,1.3333333333333333,0.0,4.0,2
1996,Nigeria,2,1,3,6,32.0,0.0,22979.0,0,0.0,2.3333333333333335,0.0,7.0,2
2004,North Korea,0,4,1,5,57.0,0.0,0.0,0,2.0,6.0,6.0,18.0,2
1976,North Korea,1,1,0,2,21.0,0.0,0.0,0,1.0,5.0,1.0,5.0,2
2008,North Korea,2,2,2,6,31.0,0.0,0.0,0,0.6666666666666666,4.666666666666667,2.0,14.0,2
1980,North Korea,0,3,2,5,26.0,0.0,0.0,0,1.0,3.5,2.0,7.0,2
2024,North Korea,0,2,4,6,68.0,0.0,0.0,0,2.6666666666666665,6.333333333333333,8.0,19.0,2
1972,North Korea,1,1,3,5,22.0,0.0,0.0,0,0.0,0.0,0.0,0.0,2
2016,North Korea,2,3,2,7,34.0,0.0,0.0,0,2.0,5.666666666666667,6.0,17.0,2
2012,North Korea,4,0,2,6,21.0,0.0,0.0,0,0.6666666666666666,5.0,2.0,15.0,2
1996,North Korea,2,1,2,5,33.0,0.0,0.0,0,1.6666666666666667,5.333333333333333,5.0,16.0,2
1992,North Korea,4,0,5,9,16.0,0.0,0.0,0,0.6666666666666666,4.0,2.0,12.0,2
2000,North Korea,0,1,3,4,60.0,0.0,0.0,0,2.0,6.333333333333333,6.0,19.0,2
2020,North Macedonia,0,1,0,1,77.0,8.0,555.0,0,0.0,0.0,0.0,0.0,1
1936,Norway,1,3,2,6,18.0,84.0,11088.0,0,6.333333333333333,15.0,19.0,45.0,2
2012,Norway,2,1,1,4,34.0,69.0,31519.0,0,4.0,8.333333333333334,12.0,25.0,2
1952,Norway,3,2,0,5,10.0,190.0,11088.0,0,1.0,5.666666666666667,3.0,17.0,2
1956,Norway,1,0,2,3,22.0,29.0,11088.0,0,1.6666666666666667,6.0,5.0,18.0,2
1988,Norway,2,3,0,5,21.0,79.0,19439.0,0,1.0,3.0,3.0,9.0,2
1924,Norway,5,2,3,10,7.0,105.0,11088.0,0,6.0,16.333333333333332,18.0,49.0,2
1912,Norway,3,2,5,10,8.0,263.0,11088.0,0,1.3333333333333333,5.0,4.0,15.0,2
1908,Norway,2,3,3,8,8.0,103.0,11088.0,0,1.0,3.5,2.0,7.0,2
2016,Norway,0,0,4,4,74.0,77.0,19704.0,0,3.3333333333333335,6.333333333333333,10.0,19.0,2
2024,Norway,4,1,3,8,18.0,128.0,31454.0,0,2.0,5.333333333333333,6.0,16.0,2
2008,Norway,3,5,1,9,22.0,102.0,31454.0,0,3.6666666666666665,7.666666666666667,11.0,23.0,2
1948,Norway,1,3,3,7,19.0,97.0,11088.0,0,2.3333333333333335,6.666666666666667,7.0,20.0,2
1960,Norway,1,0,0,1,21.0,50.0,11088.0,0,1.6666666666666667,5.0,5.0,15.0,2
1972,Norway,2,1,1,4,21.0,161.0,13522.0,0,1.0,2.0,3.0,6.0,2
2000,Norway,4,3,3,10,19.0,115.0,16706.0,0,2.0,6.333333333333333,6.0,19.0,2
1920,Norway,13,9,9,31,6.0,267.0,11088.0,0,2.3333333333333335,6.666666666666667,7.0,20.0,2
1976,Norway,1,1,0,2,21.0,79.0,19169.0,0,1.3333333333333333,2.3333333333333335,4.0,7.0,2
1992,Norway,2,4,1,7,22.0,114.0,20046.0,0,1.0,3.3333333333333335,3.0,10.0,2
1904,Norway,2,0,0,2,7.0,6.0,11088.0,0,0.0,5.0,0.0,5.0,2
1900,Norway,0,2,3,5,17.0,29.0,11088.0,0,0.0,0.0,0.0,0.0,2
1928,Norway,1,2,1,4,19.0,79.0,11088.0,0,7.0,17.0,21.0,51.0,2
1968,Norway,1,1,0,2,25.0,86.0,10807.0,0,1.6666666666666667,3.0,5.0,9.0,2
2004,Norway,5,0,1,6,17.0,60.0,21694.0,0,2.6666666666666665,8.0,8.0,24.0,2
1984,Norway,0,1,2,3,28.0,132.0,15354.0,0,1.3333333333333333,2.6666666666666665,4.0,8.0,2
2020,Norway,4,2,2,8,20.0,112.0,17193.0,0,1.6666666666666667,5.666666666666667,5.0,17.0,2
1996,Norway,2,2,3,7,30.0,116.0,20227.0,0,1.3333333333333333,5.0,4.0,15.0,2
1992,Pakistan,0,0,1,1,54.0,28.0,7477.0,0,0.3333333333333333,1.0,1.0,3.0,2
1968,Pakistan,1,0,0,1,29.0,15.0,8483.0,0,0.3333333333333333,1.3333333333333333,1.0,4.0,2
2024,Pakistan,1,0,0,1,62.0,10.0,13667.0,0,0.3333333333333333,1.0,1.0,3.0,2
1984,Pakistan,1,0,0,1,25.0,33.0,7699.0,0,0.3333333333333333,1.0,1.0,3.0,2
1976,Pakistan,0,0,1,1,37.0,24.0,7013.0,0,0.3333333333333333,1.0,1.0,3.0,2
1956,Pakistan,0,1,0,1,31.0,79.0,5897.7,0,0.0,0.0,0.0,0.0,2
1960,Pakistan,1,0,1,2,20.0,53.0,5897.7,0,0.0,1.0,0.0,1.0,2
1972,Pakistan,0,1,0,1,33.0,26.0,7312.0,0,0.6666666666666666,1.3333333333333333,2.0,4.0,2
1988,Pakistan,0,0,1,1,46.0,33.0,7326.0,0,0.3333333333333333,1.0,1.0,3.0,2
1964,Pakistan,0,1,0,1,30.0,47.0,5897.7,0,0.5,1.5,1.0,3.0,2
1948,Panama,0,0,2,2,32.0,2.0,1145.3333333333333,0,0.0,0.0,0.0,0.0,1
2024,Panama,0,1,0,1,74.0,13.0,1718.0,0,0.5,1.5,1.0,3.0,1
2008,Panama,1,0,0,1,53.0,5.0,1718.0,0,0.0,2.0,0.0,2.0,1
2004,Paraguay,0,1,0,1,65.0,0.0,768.0,0,0.0,0.0,0.0,0.0,1
1992,Peru,0,1,0,1,49.0,21.0,5495.0,0,0.3333333333333333,1.0,1.0,3.0,2
1984,Peru,0,1,0,1,33.0,44.0,4343.0,0,1.0,1.0,1.0,1.0,2
1948,Peru,1,0,0,1,22.0,49.0,4180.8,0,0.0,0.0,0.0,0.0,2
2024,Peru,0,0,1,1,84.0,32.0,8138.0,0,0.0,1.0,0.0,3.0,2
1988,Peru,0,1,0,1,36.0,26.0,2928.0,0,0.5,1.0,1.0,2.0,2
1996,Philippines,0,1,0,1,61.0,0.0,11696.0,0,0.0,1.0,0.0,3.0,2
2024,Philippines,2,0,2,4,37.0,0.0,12273.0,0,0.3333333333333333,2.0,1.0,6.0,2
1988,Philippines,0,0,1,1,46.0,0.0,8220.0,0,0.0,1.6666666666666667,0.0,5.0,2
1964,Philippines,0,1,0,1,30.0,0.0,7527.3,0,0.0,1.6666666666666667,0.0,5.0,2
1936,Philippines,0,0,1,1,30.0,0.0,7527.3,0,0.0,2.0,0.0,4.0,2
2020,Philippines,1,2,1,4,50.0,0.0,16917.0,0,0.0,1.0,0.0,3.0,2
1992,Philippines,0,0,1,1,54.0,0.0,9246.0,0,0.0,1.0,0.0,3.0,2
2016,Philippines,0,1,0,1,69.0,0.0,16921.0,0,0.0,1.0,0.0,3.0,2
1932,Philippines,0,0,3,3,25.0,0.0,7527.3,0,0.0,1.0,0.0,1.0,2
1928,Philippines,0,0,1,1,32.0,0.0,7527.3,0,0.0,0.0,0.0,0.0,2
1960,Poland,4,6,11,21,9.0,307.0,9701.0,0,0.6666666666666666,4.666666666666667,2.0,14.0,4
1996,Poland,7,5,5,17,11.0,207.0,19892.0,0,2.6666666666666665,22.333333333333332,8.0,67.0,4
2004,Poland,3,2,5,10,23.0,224.0,20957.0,0,5.333333333333333,16.666666666666668,16.0,50.0,4
1980,Poland,3,14,15,32,10.0,418.0,9701.0,0,6.333333333333333,21.666666666666668,19.0,65.0,4
2016,Poland,2,3,6,11,33.0,289.0,25144.0,0,3.3333333333333335,10.666666666666666,10.0,32.0,4
1992,Poland,3,6,10,19,19.0,263.0,14448.0,0,4.0,24.666666666666668,12.0,74.0,4
1972,Poland,7,5,9,21,7.0,418.0,9701.0,0,5.333333333333333,20.666666666666668,16.0,62.0,4
1976,Poland,7,6,13,26,6.0,286.0,9701.0,0,6.333333333333333,20.666666666666668,19.0,62.0,4
1928,Poland,1,1,3,5,21.0,146.0,9701.0,0,0.0,2.0,0.0,2.0,4
1932,Poland,3,2,4,9,10.0,71.0,9701.0,0,0.5,3.5,1.0,7.0,4
2008,Poland,4,5,2,11,16.0,316.0,36241.0,0,5.333333333333333,13.666666666666666,16.0,41.0,4
2000,Poland,6,5,3,14,14.0,240.0,16852.0,0,4.0,17.333333333333332,12.0,52.0,4
1988,Poland,2,5,9,16,20.0,192.0,9701.0,0,5.666666666666667,26.333333333333332,17.0,79.0,4
1936,Poland,0,4,5,9,22.0,177.0,9701.0,0,1.3333333333333333,5.333333333333333,4.0,16.0,4
1968,Poland,5,2,11,18,11.0,296.0,9701.0,0,4.0,17.666666666666668,12.0,53.0,4
1948,Poland,0,0,1,1,34.0,52.0,9701.0,0,1.3333333333333333,7.666666666666667,4.0,23.0,4
1924,Poland,0,1,1,2,22.0,100.0,9701.0,0,0.0,0.0,0.0,0.0,4
1964,Poland,7,6,10,23,7.0,240.0,9701.0,0,2.0,11.333333333333334,6.0,34.0,4
2020,Poland,4,5,5,14,17.0,282.0,28351.0,0,3.0,11.0,9.0,33.0,4
2012,Poland,3,2,6,11,23.0,256.0,30619.0,0,4.333333333333333,11.666666666666666,13.0,35.0,4
1956,Poland,1,4,4,9,17.0,118.0,9701.0,0,0.3333333333333333,4.666666666666667,1.0,14.0,4
1952,Poland,1,2,1,4,20.0,248.0,9701.0,0,1.0,6.333333333333333,3.0,19.0,4
2024,Poland,1,4,5,10,42.0,312.0,30619.0,0,3.0,12.0,9.0,36.0,4
2008,Portugal,1,1,0,2,47.0,0.0,17811.0,0,0.3333333333333333,2.3333333333333335,1.0,7.0,2
2024,Portugal,1,2,1,4,50.0,0.0,17811.0,0,0.3333333333333333,2.0,1.0,6.0,2
2020,Portugal,1,1,2,4,56.0,0.0,10729.0,0,0.3333333333333333,1.3333333333333333,1.0,4.0,2
1948,Portugal,0,1,1,2,26.0,0.0,8270.117647058823,0,0.0,1.0,0.0,3.0,2
2016,Portugal,0,0,1,1,78.0,0.0,10948.0,0,0.3333333333333333,2.0,1.0,6.0,2
2000,Portugal,0,0,2,2,69.0,0.0,11550.0,0,1.0,2.0,3.0,6.0,2
1976,Portugal,0,2,0,2,30.0,0.0,10837.0,0,0.0,1.3333333333333333,0.0,4.0,2
1960,Portugal,0,1,0,1,32.0,0.0,8270.117647058823,0,0.0,1.3333333333333333,0.0,4.0,2
1952,Portugal,0,0,1,1,40.0,0.0,8270.117647058823,0,0.0,1.3333333333333333,0.0,4.0,2
2012,Portugal,0,1,0,1,70.0,0.0,13293.0,0,0.3333333333333333,2.3333333333333335,1.0,7.0,2
1924,Portugal,0,0,1,1,23.0,0.0,8270.117647058823,0,0.0,0.0,0.0,0.0,2
1936,Portugal,0,0,1,1,30.0,0.0,8270.117647058823,0,0.0,1.0,0.0,2.0,2
1984,Portugal,1,0,2,3,23.0,0.0,6229.0,0,0.0,1.3333333333333333,0.0,4.0,2
2004,Portugal,0,2,1,3,60.0,0.0,15482.0,0,0.6666666666666666,1.6666666666666667,2.0,5.0,2
1996,Portugal,1,0,1,2,47.0,0.0,15162.0,0,0.6666666666666666,2.0,2.0,6.0,2
1928,Portugal,0,0,1,1,32.0,0.0,8270.117647058823,0,0.0,1.0,0.0,1.0,2
1988,Portugal,1,0,0,1,29.0,0.0,10740.0,0,0.3333333333333333,2.0,1.0,6.0,2
2016,Puerto Rico,1,0,0,1,54.0,0.0,5526.0,0,0.0,1.3333333333333333,0.0,4.0,1
2024,Puerto Rico,0,0,2,2,80.0,0.0,6316.0,0,0.6666666666666666,1.3333333333333333,2.0,4.0,1
1976,Puerto Rico,0,0,1,1,37.0,0.0,4771.0,0,0.0,1.0,0.0,1.0,1
1992,Puerto Rico,0,0,1,1,54.0,0.0,5290.0,0,0.0,1.3333333333333333,0.0,4.0,1
2012,Puerto Rico,0,1,1,2,65.0,0.0,6219.0,0,0.0,1.3333333333333333,0.0,4.0,1
1948,Puerto Rico,0,0,1,1,34.0,0.0,4805.111111111111,0,0.0,0.0,0.0,0.0,1
2020,Puerto Rico,1,0,0,1,63.0,0.0,4806.0,0,0.3333333333333333,1.3333333333333333,1.0,4.0,1
1996,Puerto Rico,0,0,1,1,71.0,0.0,5588.0,0,0.0,1.3333333333333333,0.0,4.0,1
1984,Puerto Rico,0,1,1,2,30.0,0.0,4730.0,0,0.0,1.0,0.0,2.0,1
1992,Qatar,0,0,1,1,54.0,30.0,1152.0,0,0.0,0.0,0.0,0.0,1
2020,Qatar,2,0,1,3,41.0,17.0,6739.0,0,0.0,1.3333333333333333,0.0,4.0,1
2016,Qatar,0,1,0,1,69.0,42.0,8046.0,0,0.0,1.3333333333333333,0.0,4.0,1
2024,Qatar,0,0,1,1,84.0,13.0,7781.0,0,0.6666666666666666,2.0,2.0,6.0,1
2000,Qatar,0,0,1,1,71.0,19.0,1712.0,0,0.0,1.0,0.0,1.0,1
2012,Qatar,0,1,1,2,65.0,14.0,11465.0,0,0.0,1.0,0.0,2.0,1
2020,ROC,20,28,23,71,5.0,561.0,0.0,0,0.0,0.0,0.0,0.0,4
2024,Refugee Olympic Team,0,0,1,1,84.0,0.0,0.0,0,0.0,0.0,0.0,0.0,1
2012,Romania,2,4,1,7,31.0,155.0,10991.0,0,7.666666666666667,18.0,23.0,54.0,4
2008,Romania,4,1,4,9,18.0,172.0,14487.0,0,7.666666666666667,21.666666666666668,23.0,65.0,4
1952,Romania,1,1,2,4,23.0,241.0,3994.6666666666665,0,0.0,1.0,0.0,2.0,4
1988,Romania,7,11,6,24,8.0,172.0,7699.0,0,10.0,35.0,30.0,105.0,4
1936,Romania,0,1,0,1,25.0,118.0,3994.6666666666665,0,0.0,1.0,0.0,1.0,4
1992,Romania,4,6,8,18,14.0,306.0,3832.0,0,11.0,34.0,33.0,102.0,4
1972,Romania,3,6,7,16,13.0,258.0,3994.6666666666665,0,3.0,12.333333333333334,9.0,37.0,4
1960,Romania,3,1,6,10,11.0,156.0,3994.6666666666665,0,2.0,6.0,6.0,18.0,4
2020,Romania,1,3,0,4,46.0,119.0,11779.0,0,2.3333333333333335,6.666666666666667,7.0,20.0,4
1968,Romania,4,6,5,15,12.0,100.0,3994.6666666666665,0,3.3333333333333335,11.666666666666666,10.0,35.0,4
1996,Romania,4,7,9,20,14.0,284.0,4547.0,0,10.333333333333334,31.666666666666668,31.0,95.0,4
1980,Romania,6,6,13,25,7.0,339.0,3994.6666666666665,0,3.6666666666666665,19.333333333333332,11.0,58.0,4
2016,Romania,1,1,2,4,47.0,121.0,9831.0,0,4.666666666666667,11.666666666666666,14.0,35.0,4
1964,Romania,2,4,6,12,14.0,232.0,3994.6666666666665,0,3.0,9.0,9.0,27.0,4
1976,Romania,4,9,14,27,9.0,255.0,3994.6666666666665,0,3.0,14.333333333333334,9.0,43.0,4
1924,Romania,0,0,1,1,23.0,45.0,3994.6666666666665,0,0.0,0.0,0.0,0.0,4
1984,Romania,20,16,17,53,2.0,193.0,3994.6666666666665,0,4.333333333333333,22.666666666666668,13.0,68.0,4
2004,Romania,8,5,6,19,14.0,193.0,6117.0,0,6.333333333333333,21.333333333333332,19.0,64.0,4
2024,Romania,3,4,2,9,23.0,144.0,10991.0,0,1.3333333333333333,5.0,4.0,15.0,4
2000,Romania,11,6,9,26,11.0,252.0,3614.0,0,5.0,20.666666666666668,15.0,62.0,4
1956,Romania,5,3,5,13,9.0,103.0,3994.6666666666665,0,0.3333333333333333,2.0,1.0,6.0,4
1968,Russia,29,32,30,91,2.0,0.0,0.0,0,36.666666666666664,99.0,110.0,297.0,0
1996,Russia,26,21,16,63,2.0,0.0,0.0,0,60.0,146.33333333333334,180.0,439.0,0
1988,Russia,55,31,46,132,1.0,0.0,0.0,0,59.666666666666664,139.66666666666666,179.0,419.0,0
1976,Russia,49,41,35,125,1.0,0.0,0.0,0,36.333333333333336,95.33333333333333,109.0,286.0,0
1952,Russia,22,30,19,71,2.0,0.0,0.0,0,0.5,4.0,1.0,8.0,0
1964,Russia,30,31,35,96,2.0,0.0,0.0,0,34.0,90.66666666666667,102.0,272.0,0
2012,Russia,18,21,26,65,4.0,0.0,0.0,0,28.0,79.66666666666667,84.0,239.0,0
2008,Russia,24,13,23,60,3.0,0.0,0.0,0,28.666666666666668,80.66666666666667,86.0,242.0,0
1956,Russia,37,29,32,98,1.0,0.0,0.0,0,7.666666666666667,26.333333333333332,23.0,79.0,0
1980,Russia,80,69,46,195,1.0,0.0,0.0,0,42.666666666666664,105.0,128.0,315.0,0
1960,Russia,43,29,31,103,1.0,0.0,0.0,0,19.666666666666668,58.0,59.0,174.0,0
1992,Russia,45,38,29,112,1.0,0.0,0.0,0,61.333333333333336,150.66666666666666,184.0,452.0,0
2004,Russia,28,26,36,90,3.0,0.0,0.0,0,34.333333333333336,88.0,103.0,264.0,0
2016,Russia,19,17,20,56,4.0,0.0,0.0,0,23.333333333333332,71.66666666666667,70.0,215.0,0
1972,Russia,50,27,22,99,1.0,0.0,0.0,0,34.0,96.66666666666667,102.0,290.0,0
1912,Russia,0,2,3,5,16.0,0.0,0.0,0,1.0,3.0,1.0,3.0,0
1908,Russia,1,2,0,3,12.0,0.0,0.0,0,0.0,0.0,0.0,0.0,0
2000,Russia,32,28,29,89,2.0,0.0,0.0,0,42.0,102.33333333333333,126.0,307.0,0
2024,Saint Lucia,1,1,0,2,55.0,5.0,508.0,0,0.0,0.0,0.0,0.0,1
2008,Samoa,0,1,0,1,72.0,0.0,20.0,0,0.0,0.0,0.0,0.0,1
2020,San Marino,0,1,2,3,72.0,8.0,49.0,0,0.0,0.0,0.0,0.0,1
2012,Saudi Arabia,0,0,1,1,79.0,0.0,45613.0,0,0.0,2.0,0.0,2.0,1
2020,Saudi Arabia,0,1,0,1,77.0,0.0,34363.0,0,0.0,1.5,0.0,3.0,1
2000,Saudi Arabia,0,1,1,2,61.0,0.0,18467.0,0,0.0,0.0,0.0,0.0,1
1988,Senegal,0,1,0,1,36.0,35.0,1205.0,0,0.0,0.0,0.0,0.0,2
2012,Serbia,1,1,2,4,42.0,134.0,2746.0,0,0.0,3.0,0.0,3.0,2
2008,Serbia,0,1,2,3,64.0,97.0,3647.0,0,0.0,0.0,0.0,0.0,2
2024,Serbia,3,1,1,5,27.0,135.0,2746.0,0,2.0,7.0,6.0,21.0,2
2016,Serbia,2,4,2,8,32.0,127.0,2223.0,0,0.5,3.5,1.0,7.0,2
2020,Serbia,3,1,5,9,28.0,110.0,2593.0,0,1.0,5.0,3.0,15.0,2
2004,Serbia and Montenegro,0,2,0,2,61.0,0.0,0.0,0,0.0,0.0,0.0,0.0,1
2024,Singapore,0,0,1,1,84.0,32.0,13085.0,0,0.3333333333333333,1.3333333333333333,1.0,4.0,1
2016,Singapore,1,0,0,1,54.0,32.0,16944.0,0,0.0,1.3333333333333333,0.0,4.0,1
2008,Singapore,0,1,0,1,72.0,36.0,13085.0,0,0.0,1.0,0.0,1.0,1
2012,Singapore,0,0,2,2,77.0,36.0,18126.0,0,0.0,1.0,0.0,2.0,1
1960,Singapore,0,1,0,1,32.0,5.0,12248.0,0,0.0,0.0,0.0,0.0,1
1996,Slovakia,1,1,1,3,43.0,98.0,0.0,0,0.0,0.0,0.0,0.0,2
2012,Slovakia,0,1,3,4,63.0,65.0,0.0,0,2.0,5.666666666666667,6.0,17.0,2
2020,Slovakia,1,2,1,4,50.0,56.0,0.0,0,1.6666666666666667,4.666666666666667,5.0,14.0,2
2004,Slovakia,2,2,2,6,29.0,84.0,0.0,0,1.0,4.0,2.0,8.0,2
2016,Slovakia,2,2,0,4,37.0,63.0,0.0,0,1.6666666666666667,5.333333333333333,5.0,16.0,2
2008,Slovakia,3,3,0,6,26.0,67.0,0.0,0,1.3333333333333333,4.666666666666667,4.0,14.0,2
2024,Slovakia,0,0,1,1,84.0,38.0,0.0,0,1.0,4.0,3.0,12.0,2
2000,Slovakia,1,3,1,5,39.0,132.0,0.0,0,1.0,3.0,1.0,3.0,2
2004,Slovenia,0,1,3,4,63.0,0.0,2776.0,0,0.6666666666666666,2.0,2.0,6.0,2
2016,Slovenia,1,2,1,4,45.0,0.0,2332.0,0,0.6666666666666666,4.333333333333333,2.0,13.0,2
2000,Slovenia,2,0,0,2,36.0,0.0,1946.0,0,0.0,2.0,0.0,4.0,2
1992,Slovenia,0,0,2,2,52.0,0.0,2169.0,0,0.0,0.0,0.0,0.0,2
2024,Slovenia,2,1,0,3,34.0,0.0,2811.0,0,1.6666666666666667,4.333333333333333,5.0,13.0,2
2012,Slovenia,1,1,2,4,42.0,0.0,2811.0,0,1.0,3.6666666666666665,3.0,11.0,2
2008,Slovenia,1,2,2,5,39.0,0.0,3735.0,0,0.6666666666666666,2.6666666666666665,2.0,8.0,2
2020,Slovenia,3,1,1,5,31.0,0.0,2476.0,0,1.0,4.333333333333333,3.0,13.0,2
1996,Slovenia,0,2,0,2,55.0,0.0,2632.0,0,0.0,2.0,0.0,2.0,2
2016,South Africa,2,6,2,10,29.0,0.0,17185.0,0,1.6666666666666667,4.333333333333333,5.0,13.0,2
2004,South Africa,1,3,2,6,43.0,0.0,20919.0,0,1.0,4.0,3.0,12.0,2
2008,South Africa,0,1,0,1,72.0,0.0,21380.0,0,1.3333333333333333,5.333333333333333,4.0,16.0,2
1992,South Africa,0,2,0,2,41.0,0.0,22518.0,0,0.6666666666666666,5.666666666666667,2.0,17.0,2
2012,South Africa,4,1,1,6,20.0,0.0,26697.0,0,0.3333333333333333,4.0,1.0,12.0,2
1948,South Africa,2,1,1,4,18.0,0.0,9042.95,0,1.0,3.0,3.0,9.0,2
1932,South Africa,2,0,3,5,15.0,0.0,9042.95,0,1.6666666666666667,5.333333333333333,5.0,16.0,2
2020,South Africa,1,2,0,3,52.0,0.0,15804.0,0,2.0,5.666666666666667,6.0,17.0,2
1960,South Africa,0,1,2,3,28.0,0.0,9042.95,0,1.3333333333333333,6.0,4.0,18.0,2
1912,South Africa,4,2,0,6,7.0,0.0,9042.95,0,1.0,2.0,1.0,2.0,2
1908,South Africa,1,1,0,2,14.0,0.0,9042.95,0,0.0,0.0,0.0,0.0,2
2000,South Africa,0,2,3,5,55.0,0.0,14784.0,0,1.0,3.3333333333333335,3.0,10.0,2
1936,South Africa,0,1,0,1,25.0,0.0,9042.95,0,1.3333333333333333,3.6666666666666665,4.0,11.0,2
1956,South Africa,0,0,4,4,33.0,0.0,9042.95,0,1.3333333333333333,5.0,4.0,15.0,2
1924,South Africa,1,1,1,3,18.0,0.0,9042.95,0,2.6666666666666665,6.0,8.0,18.0,2
1928,South Africa,1,0,2,3,23.0,0.0,9042.95,0,2.6666666666666665,6.333333333333333,8.0,19.0,2
2024,South Africa,1,3,2,6,44.0,0.0,21380.0,0,2.3333333333333335,6.333333333333333,7.0,19.0,2
1920,South Africa,3,4,3,10,11.0,0.0,9042.95,0,2.5,4.0,5.0,8.0,2
1952,South Africa,2,4,4,10,12.0,0.0,9042.95,0,1.3333333333333333,3.3333333333333335,4.0,10.0,2
1996,South Africa,3,1,1,5,27.0,0.0,20192.0,0,0.0,3.0,0.0,9.0,2
2012,South Korea,13,9,9,31,5.0,0.0,0.0,0,10.0,30.0,30.0,90.0,4
1996,South Korea,7,15,5,27,10.0,0.0,0.0,0,10.0,27.0,30.0,81.0,4
1976,South Korea,1,1,4,6,19.0,0.0,0.0,0,0.0,2.0,0.0,6.0,4
1956,South Korea,0,1,1,2,29.0,0.0,0.0,0,0.0,2.0,0.0,4.0,4
1972,South Korea,0,1,0,1,33.0,0.0,0.0,0,0.0,2.3333333333333335,0.0,7.0,4
2020,South Korea,6,4,10,20,16.0,0.0,0.0,0,11.666666666666666,28.0,35.0,84.0,4
2000,South Korea,8,10,10,28,12.0,0.0,0.0,0,10.333333333333334,29.666666666666668,31.0,89.0,4
1952,South Korea,0,0,2,2,37.0,0.0,0.0,0,0.0,2.0,0.0,2.0,4
1988,South Korea,12,10,11,33,4.0,0.0,0.0,1,2.3333333333333335,8.666666666666666,7.0,26.0,4
2024,South Korea,13,9,10,32,8.0,0.0,0.0,0,9.333333333333334,24.0,28.0,72.0,4
2008,South Korea,13,11,8,32,7.0,0.0,0.0,0,8.0,28.333333333333332,24.0,85.0,4
1964,South Korea,0,2,1,3,27.0,0.0,0.0,0,0.0,2.0,0.0,6.0,4
2004,South Korea,9,12,9,30,9.0,0.0,0.0,0,9.0,28.0,27.0,84.0,4
1984,South Korea,6,6,7,19,10.0,0.0,0.0,0,0.3333333333333333,3.0,1.0,9.0,4
1992,South Korea,12,5,12,29,7.0,0.0,0.0,0,6.333333333333333,19.333333333333332,19.0,58.0,4
1968,South Korea,0,1,1,2,36.0,0.0,0.0,0,0.0,2.3333333333333335,0.0,7.0,4
1948,South Korea,0,0,2,2,32.0,0.0,0.0,0,0.0,0.0,0.0,0.0,4
2016,South Korea,9,3,9,21,8.0,0.0,0.0,0,11.666666666666666,31.0,35.0,93.0,4
1952,Spain,0,1,0,1,34.0,42.0,50332.23809523809,0,0.3333333333333333,1.0,1.0,3.0,4
1928,Spain,1,0,0,1,24.0,106.0,50332.23809523809,0,0.5,1.5,1.0,3.0,4
1988,Spain,1,1,2,4,25.0,317.0,71764.0,0,0.6666666666666666,4.333333333333333,2.0,13.0,4
1920,Spain,0,2,0,2,17.0,111.0,50332.23809523809,0,1.0,1.0,1.0,1.0,4
1996,Spain,5,6,6,17,13.0,384.0,79528.0,0,5.0,10.333333333333334,15.0,31.0,4
1900,Spain,1,0,0,1,14.0,12.0,50332.23809523809,0,0.0,0.0,0.0,0.0,4
1992,Spain,13,7,2,22,6.0,537.0,96673.0,1,1.0,5.0,3.0,15.0,4
2020,Spain,3,8,6,17,22.0,429.0,60377.0,0,5.333333333333333,18.666666666666668,16.0,56.0,4
1972,Spain,0,0,1,1,43.0,162.0,46149.0,0,0.0,1.0,0.0,3.0,4
2016,Spain,7,4,6,17,14.0,363.0,66079.0,0,4.0,19.666666666666668,12.0,59.0,4
1976,Spain,0,2,0,2,30.0,160.0,63197.0,0,0.0,1.0,0.0,3.0,4
2000,Spain,3,3,5,11,25.0,431.0,58327.0,0,6.333333333333333,14.333333333333334,19.0,43.0,4
1948,Spain,0,1,0,1,28.0,84.0,50332.23809523809,0,0.3333333333333333,1.3333333333333333,1.0,4.0,4
1932,Spain,0,0,1,1,26.0,8.0,50332.23809523809,0,0.6666666666666666,1.3333333333333333,2.0,4.0,4
1980,Spain,1,3,2,6,20.0,211.0,81388.0,0,0.0,1.3333333333333333,0.0,4.0,4
2004,Spain,3,11,6,20,20.0,423.0,87550.0,0,7.0,16.666666666666668,21.0,50.0,4
1960,Spain,0,0,1,1,41.0,238.0,50332.23809523809,0,0.0,1.0,0.0,3.0,4
1984,Spain,1,2,2,5,20.0,257.0,42579.0,0,0.3333333333333333,3.0,1.0,9.0,4
2012,Spain,4,10,6,20,17.0,339.0,81860.0,0,3.6666666666666665,16.666666666666668,11.0,50.0,4
2008,Spain,5,11,3,19,14.0,355.0,110753.0,0,3.6666666666666665,16.0,11.0,48.0,4
2024,Spain,5,4,9,18,15.0,526.0,110753.0,0,4.666666666666667,18.0,14.0,54.0,4
2000,Sri Lanka,0,1,0,1,64.0,0.0,1573.0,0,0.0,0.0,0.0,0.0,1
2008,Sudan,0,1,0,1,72.0,9.0,4366.0,0,0.0,0.0,0.0,0.0,1
1992,Suriname,0,0,1,1,54.0,0.0,41.0,0,1.0,1.0,1.0,1.0,2
1988,Suriname,1,0,0,1,29.0,0.0,201.0,0,0.0,0.0,0.0,0.0,2
2004,Sweden,4,2,1,7,19.0,157.0,31457.0,0,2.3333333333333335,10.666666666666666,7.0,32.0,4
2012,Sweden,1,4,3,8,37.0,168.0,33794.0,0,2.6666666666666665,8.0,8.0,24.0,4
2008,Sweden,0,4,1,5,56.0,169.0,34819.0,0,3.3333333333333335,9.0,10.0,27.0,4
2016,Sweden,2,6,3,11,28.0,186.0,27323.0,0,1.6666666666666667,6.666666666666667,5.0,20.0,4
1948,Sweden,16,11,17,44,2.0,223.0,18859.60714285714,0,7.666666666666667,23.333333333333332,23.0,70.0,4
1988,Sweden,0,4,7,11,32.0,251.0,39451.0,0,3.0,12.0,9.0,36.0,4
2020,Sweden,3,6,0,9,23.0,173.0,25506.0,0,1.0,8.0,3.0,24.0,4
1924,Sweden,4,13,12,29,8.0,256.0,18859.60714285714,0,16.666666666666668,51.333333333333336,50.0,154.0,4
1928,Sweden,7,6,12,25,4.0,139.0,18859.60714285714,0,15.333333333333334,52.666666666666664,46.0,158.0,4
1980,Sweden,3,3,6,12,11.0,201.0,49640.0,0,3.3333333333333335,8.333333333333334,10.0,25.0,4
1964,Sweden,2,2,4,8,17.0,175.0,18859.60714285714,0,7.0,20.0,21.0,60.0,4
1996,Sweden,2,4,2,8,29.0,233.0,36136.0,0,1.0,14.0,3.0,42.0,4
1912,Sweden,23,25,17,65,2.0,714.0,18859.60714285714,1,4.0,13.0,8.0,26.0,4
1920,Sweden,19,20,25,64,2.0,404.0,18859.60714285714,0,10.333333333333334,30.333333333333332,31.0,91.0,4
1932,Sweden,10,5,9,24,4.0,128.0,18859.60714285714,0,10.0,39.333333333333336,30.0,118.0,4
1956,Sweden,8,5,6,19,6.0,186.0,18859.60714285714,0,11.333333333333334,33.333333333333336,34.0,100.0,4
1984,Sweden,2,11,6,19,16.0,254.0,26991.0,0,3.6666666666666665,11.0,11.0,33.0,4
1972,Sweden,4,6,6,16,11.0,186.0,38169.0,0,1.6666666666666667,6.0,5.0,18.0,4
1900,Sweden,0,0,1,1,21.0,27.0,18859.60714285714,0,0.0,0.0,0.0,0.0,4
1952,Sweden,12,13,10,35,4.0,355.0,18859.60714285714,0,10.666666666666666,29.666666666666668,32.0,89.0,4
2000,Sweden,4,5,3,12,18.0,198.0,25627.0,0,1.0,10.333333333333334,3.0,31.0,4
1976,Sweden,4,1,0,5,12.0,163.0,47616.0,0,2.6666666666666665,9.333333333333334,8.0,28.0,4
2024,Sweden,4,4,3,11,16.0,173.0,34819.0,0,2.0,9.333333333333334,6.0,28.0,4
1960,Sweden,1,2,3,6,16.0,258.0,18859.60714285714,0,12.0,32.666666666666664,36.0,98.0,4
1968,Sweden,2,1,1,4,20.0,186.0,33198.0,0,3.6666666666666665,11.0,11.0,33.0,4
1936,Sweden,6,5,10,21,7.0,231.0,18859.60714285714,0,7.0,26.0,21.0,78.0,4
1992,Sweden,1,7,4,12,27.0,252.0,43523.0,0,1.6666666666666667,14.0,5.0,42.0,4
1908,Sweden,8,6,11,25,3.0,276.0,18859.60714285714,0,0.0,1.0,0.0,1.0,4
2024,Switzerland,1,2,5,8,48.0,0.0,38384.0,0,2.6666666666666665,8.0,8.0,24.0,2
1924,Switzerland,7,8,10,25,6.0,0.0,19067.39285714286,0,3.0,7.666666666666667,9.0,23.0,2
2008,Switzerland,2,1,4,7,34.0,0.0,38384.0,0,2.0,7.0,6.0,21.0,2
1968,Switzerland,0,1,4,5,33.0,0.0,21959.0,0,0.3333333333333333,3.6666666666666665,1.0,11.0,2
1900,Switzerland,6,2,1,9,6.0,0.0,19067.39285714286,0,1.0,3.0,1.0,3.0,2
1984,Switzerland,0,4,4,8,26.0,0.0,27093.0,0,1.0,3.0,3.0,9.0,2
1988,Switzerland,0,2,2,4,33.0,0.0,41142.0,0,1.0,4.666666666666667,3.0,14.0,2
1920,Switzerland,2,2,7,11,13.0,0.0,19067.39285714286,0,2.6666666666666665,5.0,8.0,15.0,2
1960,Switzerland,0,3,3,6,24.0,0.0,19067.39285714286,0,2.3333333333333335,11.666666666666666,7.0,35.0,2
2012,Switzerland,2,2,0,4,33.0,0.0,42203.0,0,1.3333333333333333,7.0,4.0,21.0,2
1996,Switzerland,4,3,0,7,18.0,0.0,42101.0,0,0.3333333333333333,4.333333333333333,1.0,13.0,2
1952,Switzerland,2,6,6,14,11.0,0.0,19067.39285714286,0,3.0,13.0,9.0,39.0,2
1936,Switzerland,4,9,5,18,11.0,0.0,19067.39285714286,0,4.666666666666667,13.666666666666666,14.0,41.0,2
1948,Switzerland,5,10,5,20,9.0,0.0,19067.39285714286,0,3.6666666666666665,11.333333333333334,11.0,34.0,2
1964,Switzerland,1,2,1,4,22.0,0.0,19067.39285714286,0,0.6666666666666666,7.0,2.0,21.0,2
1956,Switzerland,0,0,1,1,35.0,0.0,19067.39285714286,0,3.6666666666666665,17.333333333333332,11.0,52.0,2
1992,Switzerland,1,0,0,1,37.0,0.0,42911.0,0,0.6666666666666666,4.666666666666667,2.0,14.0,2
1972,Switzerland,0,3,0,3,26.0,0.0,28757.0,0,0.3333333333333333,5.0,1.0,15.0,2
2000,Switzerland,1,6,2,9,37.0,0.0,27218.0,0,1.6666666666666667,4.0,5.0,12.0,2
1976,Switzerland,1,1,2,4,20.0,0.0,36536.0,0,0.3333333333333333,4.0,1.0,12.0,2
2004,Switzerland,1,1,3,5,46.0,0.0,33042.0,0,2.0,5.666666666666667,6.0,17.0,2
1928,Switzerland,7,4,4,15,6.0,0.0,19067.39285714286,0,3.3333333333333335,13.0,10.0,39.0,2
1932,Switzerland,0,1,0,1,22.0,0.0,19067.39285714286,0,5.333333333333333,17.0,16.0,51.0,2
1896,Switzerland,1,2,0,3,10.0,0.0,19067.39285714286,0,0.0,0.0,0.0,0.0,2
1980,Switzerland,2,0,0,2,19.0,0.0,42874.0,0,0.3333333333333333,4.0,1.0,12.0,2
1904,Switzerland,1,0,2,3,10.0,0.0,19067.39285714286,0,3.5,6.0,7.0,12.0,2
2020,Switzerland,3,4,6,13,24.0,0.0,34724.0,0,2.3333333333333335,6.0,7.0,18.0,2
2016,Switzerland,3,2,2,7,23.0,0.0,36559.0,0,1.6666666666666667,5.333333333333333,5.0,16.0,2
2020,Syria,0,0,1,1,86.0,0.0,0.0,0,0.3333333333333333,1.0,1.0,3.0,1
2004,Syria,0,0,1,1,71.0,0.0,0.0,0,0.5,1.0,1.0,2.0,1
1996,Syria,1,0,0,1,49.0,0.0,0.0,0,0.0,1.0,0.0,1.0,1
1984,Syria,0,1,0,1,33.0,0.0,0.0,0,0.0,0.0,0.0,0.0,1
1968,Taiwan,0,0,1,1,42.0,0.0,0.0,0,0.0,0.0,0.0,0.0,2
2016,Tajikistan,1,0,0,1,54.0,7.0,349.0,0,0.0,1.5,0.0,3.0,1
2012,Tajikistan,0,0,1,1,79.0,16.0,440.0,0,0.0,2.0,0.0,2.0,1
2008,Tajikistan,0,1,1,2,68.0,16.0,326.0,0,0.0,0.0,0.0,0.0,1
2024,Tajikistan,0,0,3,3,79.0,14.0,440.0,0,0.3333333333333333,1.3333333333333333,1.0,4.0,1
1980,Tanzania,0,2,0,2,28.0,0.0,3974.0,0,0.0,0.0,0.0,0.0,2
1976,Thailand,0,0,1,1,37.0,62.0,9050.0,0,0.0,0.0,0.0,0.0,2
1988,Thailand,0,0,1,1,46.0,15.0,11756.0,0,0.0,1.0,0.0,2.0,2
2024,Thailand,1,3,2,6,44.0,58.0,19705.0,0,1.0,4.0,3.0,12.0,2
2000,Thailand,1,0,2,3,47.0,68.0,12310.0,0,0.3333333333333333,1.3333333333333333,1.0,4.0,2
1996,Thailand,1,0,1,2,47.0,58.0,22645.0,0,0.0,1.0,0.0,3.0,2
1992,Thailand,0,0,1,1,54.0,64.0,17073.0,0,0.0,1.0,0.0,3.0,2
2020,Thailand,1,0,1,2,59.0,48.0,23413.0,0,1.3333333333333333,5.333333333333333,4.0,16.0,2
2016,Thailand,2,2,2,6,35.0,58.0,21959.0,0,1.6666666666666667,6.0,5.0,18.0,2
2008,Thailand,2,2,2,6,31.0,53.0,19705.0,0,1.6666666666666667,4.333333333333333,5.0,13.0,2
1984,Thailand,0,1,0,1,33.0,40.0,10336.0,0,0.0,1.0,0.0,1.0,2
2012,Thailand,0,2,2,4,59.0,43.0,24430.0,0,2.0,5.666666666666667,6.0,17.0,2
2004,Thailand,3,1,4,8,25.0,51.0,14133.0,0,0.6666666666666666,2.0,2.0,6.0,2
2008,Togo,0,0,1,1,82.0,0.0,286.0,0,0.0,0.0,0.0,0.0,1
1996,Tonga,0,1,0,1,61.0,0.0,0.0,0,0.0,0.0,0.0,0.0,1
2008,Trinidad and Tobago,1,1,0,2,47.0,35.0,1863.0,0,0.0,1.6666666666666667,0.0,5.0,2
2012,Trinidad and Tobago,1,1,2,4,42.0,38.0,1652.0,0,0.3333333333333333,1.6666666666666667,1.0,5.0,2
2000,Trinidad and Tobago,0,1,1,2,61.0,29.0,775.0,0,0.3333333333333333,2.0,1.0,6.0,2
1948,Trinidad and Tobago,0,1,0,1,28.0,9.0,860.0,0,0.0,0.0,0.0,0.0,2
1976,Trinidad and Tobago,1,0,0,1,26.0,20.0,1318.0,0,0.0,2.0,0.0,6.0,2
1952,Trinidad and Tobago,0,0,2,2,37.0,2.0,860.0,0,0.0,1.0,0.0,1.0,2
1996,Trinidad and Tobago,0,0,2,2,68.0,16.0,685.0,0,0.3333333333333333,2.0,1.0,6.0,2
2016,Trinidad and Tobago,0,0,1,1,78.0,43.0,1239.0,0,0.6666666666666666,2.3333333333333335,2.0,7.0,2
2004,Trinidad and Tobago,0,0,1,1,71.0,26.0,1068.0,0,0.3333333333333333,1.6666666666666667,1.0,5.0,2
1964,Trinidad and Tobago,0,1,2,3,28.0,18.0,860.0,0,0.0,1.5,0.0,3.0,2
2020,Tunisia,1,1,0,2,58.0,73.0,1966.0,0,1.0,2.3333333333333335,3.0,7.0,2
1972,Tunisia,0,1,0,1,33.0,37.0,1700.0,0,0.5,2.0,1.0,4.0,2
2008,Tunisia,1,0,0,1,53.0,29.0,3013.0,0,0.3333333333333333,1.3333333333333333,1.0,4.0,2
2024,Tunisia,1,1,1,3,52.0,31.0,3013.0,0,1.0,2.6666666666666665,3.0,8.0,2
2016,Tunisia,0,0,3,3,75.0,65.0,2336.0,0,1.0,1.6666666666666667,3.0,5.0,2
2012,Tunisia,2,0,1,3,36.0,87.0,2881.0,0,0.3333333333333333,1.0,1.0,3.0,2
1996,Tunisia,0,0,1,1,71.0,52.0,2398.0,0,0.3333333333333333,1.6666666666666667,1.0,5.0,2
1964,Tunisia,0,1,1,2,29.0,12.0,2058.6666666666665,0,0.0,0.0,0.0,0.0,2
1968,Tunisia,1,0,1,2,28.0,8.0,1221.0,0,0.0,2.0,0.0,2.0,2
2024,Turkey,0,3,5,8,64.0,0.0,279261.0,0,1.3333333333333333,8.0,4.0,24.0,2
1956,Turkey,3,2,2,7,12.0,0.0,14697.947368421053,0,3.0,5.666666666666667,9.0,17.0,2
2008,Turkey,1,1,3,5,42.0,0.0,14697.947368421053,0,3.3333333333333335,7.0,10.0,21.0,2
1948,Turkey,6,4,2,12,7.0,0.0,14697.947368421053,0,1.0,2.0,1.0,2.0,2
1988,Turkey,1,1,0,2,27.0,0.0,14697.947368421053,0,0.6666666666666666,2.0,2.0,6.0,2
2000,Turkey,3,0,2,5,26.0,0.0,14697.947368421053,0,2.3333333333333335,4.666666666666667,7.0,14.0,2
2020,Turkey,2,2,9,13,35.0,0.0,14697.947368421053,0,1.0,5.333333333333333,3.0,16.0,2
1992,Turkey,2,2,2,6,23.0,0.0,14697.947368421053,0,0.3333333333333333,2.0,1.0,6.0,2
2004,Turkey,3,3,4,10,22.0,0.0,14697.947368421053,0,3.0,5.666666666666667,9.0,17.0,2
1984,Turkey,0,0,3,3,40.0,0.0,14697.947368421053,0,1.3333333333333333,3.0,4.0,9.0,2
1972,Turkey,0,1,0,1,33.0,0.0,14697.947368421053,0,3.6666666666666665,5.666666666666667,11.0,17.0,2
2016,Turkey,1,3,4,8,41.0,0.0,14697.947368421053,0,1.6666666666666667,6.0,5.0,18.0,2
1960,Turkey,7,2,0,9,6.0,0.0,14697.947368421053,0,3.6666666666666665,7.333333333333333,11.0,22.0,2
1996,Turkey,4,1,1,6,19.0,0.0,14697.947368421053,0,1.0,3.6666666666666665,3.0,11.0,2
1968,Turkey,2,0,0,2,21.0,0.0,14697.947368421053,0,4.0,7.333333333333333,12.0,22.0,2
1936,Turkey,1,0,1,2,19.0,0.0,14697.947368421053,0,0.0,0.0,0.0,0.0,2
1952,Turkey,2,0,1,3,16.0,0.0,14697.947368421053,0,3.5,7.0,7.0,14.0,2
2012,Turkey,1,1,1,3,46.0,0.0,14697.947368421053,0,2.3333333333333335,6.666666666666667,7.0,20.0,2
1964,Turkey,2,3,1,6,16.0,0.0,14697.947368421053,0,4.0,6.333333333333333,12.0,19.0,2
2020,Turkmenistan,0,1,0,1,77.0,10.0,2122.0,0,0.0,0.0,0.0,0.0,1
1972,Uganda,1,1,0,2,24.0,35.0,1116.0,0,0.0,2.0,0.0,2.0,2
1980,Uganda,0,1,0,1,32.0,16.0,416.0,0,0.5,2.0,1.0,4.0,2
2024,Uganda,1,1,0,2,55.0,27.0,954.0,0,1.0,2.0,3.0,6.0,2
1996,Uganda,0,0,1,1,71.0,12.0,721.0,0,0.3333333333333333,1.6666666666666667,1.0,5.0,2
1968,Uganda,0,1,1,2,36.0,14.0,1032.0,0,0.0,0.0,0.0,0.0,2
2020,Uganda,2,1,1,4,36.0,28.0,1737.0,0,0.3333333333333333,1.0,1.0,3.0,2
2012,Uganda,1,0,0,1,50.0,16.0,1651.0,0,0.3333333333333333,1.3333333333333333,1.0,4.0,2
1996,Ukraine,9,2,12,23,9.0,351.0,5492.0,0,0.0,0.0,0.0,0.0,4
2020,Ukraine,1,6,12,19,44.0,225.0,7311.0,0,4.666666666666667,17.333333333333332,14.0,52.0,4
2004,Ukraine,8,5,9,22,13.0,357.0,5483.0,0,6.0,23.0,12.0,46.0,4
2024,Ukraine,3,5,4,12,22.0,212.0,11205.0,0,2.6666666666666665,16.333333333333332,8.0,49.0,4
2008,Ukraine,7,4,11,22,12.0,327.0,12713.0,0,6.666666666666667,22.666666666666668,20.0,68.0,4
2000,Ukraine,3,10,10,23,21.0,368.0,3138.0,0,9.0,23.0,9.0,23.0,4
2016,Ukraine,2,5,4,11,31.0,272.0,4942.0,0,6.666666666666667,21.0,20.0,63.0,4
2012,Ukraine,5,4,10,19,15.0,304.0,11205.0,0,6.0,22.333333333333332,18.0,67.0,4
2004,United Arab Emirates,1,0,0,1,54.0,0.0,12081.0,0,0.0,0.0,0.0,0.0,1
2016,United Arab Emirates,0,0,1,1,78.0,0.0,19614.0,0,1.0,1.0,1.0,1.0,1
1984,United States,83,61,30,174,1.0,693.0,1000000.0,1,37.333333333333336,98.33333333333333,112.0,295.0,3
1976,United States,34,35,25,94,3.0,554.0,1000000.0,0,38.0,97.0,114.0,291.0,3
1900,United States,19,14,15,48,2.0,135.0,482758.6206896552,0,11.0,20.0,11.0,20.0,3
2024,United States,40,44,42,126,1.0,854.0,1000000.0,0,44.333333333333336,112.66666666666667,133.0,338.0,3
1988,United States,36,31,27,94,3.0,715.0,1000000.0,0,50.0,120.66666666666667,150.0,362.0,3
1904,United States,76,78,77,231,1.0,1109.0,482758.6206896552,1,15.0,34.0,30.0,68.0,3
1896,United States,11,7,2,20,1.0,27.0,482758.6206896552,0,0.0,0.0,0.0,0.0,3
2016,United States,46,37,38,121,1.0,719.0,1000000.0,0,40.0,105.66666666666667,120.0,317.0,3
1908,United States,23,12,12,47,2.0,219.0,482758.6206896552,0,35.333333333333336,99.66666666666667,106.0,299.0,3
2008,United States,36,39,37,112,2.0,763.0,1000000.0,0,39.0,98.33333333333333,117.0,295.0,3
1948,United States,38,27,19,84,1.0,424.0,482758.6206896552,0,30.0,74.33333333333333,90.0,223.0,3
1936,United States,24,21,12,57,2.0,487.0,482758.6206896552,0,37.0,88.33333333333333,111.0,265.0,3
1952,United States,40,19,17,76,1.0,451.0,482758.6206896552,0,35.333333333333336,83.66666666666667,106.0,251.0,3
2004,United States,36,39,26,101,1.0,726.0,1000000.0,0,39.333333333333336,100.66666666666667,118.0,302.0,3
2012,United States,48,26,30,104,1.0,689.0,1000000.0,0,36.333333333333336,102.0,109.0,306.0,3
1932,United States,44,36,30,110,1.0,743.0,482758.6206896552,1,36.0,83.33333333333333,108.0,250.0,3
1956,United States,32,25,17,74,2.0,443.0,482758.6206896552,0,34.0,72.33333333333333,102.0,217.0,3
1972,United States,33,31,30,94,2.0,578.0,1000000.0,0,38.333333333333336,89.33333333333333,115.0,268.0,3
1960,United States,34,21,16,71,2.0,428.0,482758.6206896552,0,36.666666666666664,78.0,110.0,234.0,3
2000,United States,37,24,32,93,1.0,764.0,1000000.0,0,39.0,101.0,117.0,303.0,3
1964,United States,36,26,28,90,1.0,492.0,482758.6206896552,0,35.333333333333336,73.66666666666667,106.0,221.0,3
1928,United States,22,18,16,56,1.0,426.0,482758.6206896552,0,37.333333333333336,86.0,112.0,258.0,3
2020,United States,39,41,33,113,1.0,856.0,1000000.0,0,43.333333333333336,112.33333333333333,130.0,337.0,3
1924,United States,45,27,27,99,1.0,459.0,482758.6206896552,0,30.0,68.66666666666667,90.0,206.0,3
1992,United States,37,34,37,108,2.0,734.0,1000000.0,0,51.0,120.66666666666667,153.0,362.0,3
1996,United States,44,32,25,101,1.0,839.0,1000000.0,1,52.0,125.33333333333333,156.0,376.0,3
1968,United States,45,28,34,107,1.0,529.0,1000000.0,0,34.0,78.33333333333333,102.0,235.0,3
1912,United States,26,19,19,64,1.0,364.0,482758.6206896552,0,39.333333333333336,108.66666666666667,118.0,326.0,3
1920,United States,41,27,27,95,1.0,473.0,482758.6206896552,0,41.666666666666664,114.0,125.0,342.0,3
1924,Uruguay,1,0,0,1,19.0,0.0,275.75,0,0.0,0.0,0.0,0.0,2
1952,Uruguay,0,0,2,2,37.0,0.0,275.75,0,0.3333333333333333,1.3333333333333333,1.0,4.0,2
1932,Uruguay,0,0,1,1,26.0,0.0,275.75,0,1.0,1.0,2.0,2.0,2
1948,Uruguay,0,1,1,2,26.0,0.0,275.75,0,0.6666666666666666,1.0,2.0,3.0,2
1956,Uruguay,0,0,1,1,35.0,0.0,275.75,0,0.0,1.6666666666666667,0.0,5.0,2
1928,Uruguay,1,0,0,1,24.0,0.0,275.75,0,1.0,1.0,1.0,1.0,2
2000,Uruguay,0,1,0,1,64.0,0.0,2206.0,0,0.0,1.3333333333333333,0.0,4.0,2
1964,Uruguay,0,0,1,1,35.0,0.0,275.75,0,0.0,1.6666666666666667,0.0,5.0,2
2004,Uzbekistan,2,1,2,5,35.0,79.0,965.0,0,0.5,3.0,1.0,6.0,2
2000,Uzbekistan,1,1,2,4,43.0,85.0,1322.0,0,0.0,2.0,0.0,2.0,2
2016,Uzbekistan,4,2,7,13,21.0,80.0,4558.0,0,0.6666666666666666,4.0,2.0,12.0,2
2020,Uzbekistan,3,0,2,5,32.0,85.0,3088.0,0,1.3333333333333333,6.666666666666667,4.0,20.0,2
1996,Uzbekistan,0,1,1,2,58.0,95.0,1700.0,0,0.0,0.0,0.0,0.0,2
2012,Uzbekistan,0,0,3,3,76.0,56.0,4125.0,0,1.0,4.333333333333333,3.0,13.0,2
2024,Uzbekistan,8,2,3,13,13.0,119.0,4125.0,0,2.3333333333333335,7.0,7.0,21.0,2
2008,Uzbekistan,0,1,3,4,63.0,69.0,1977.0,0,1.0,3.6666666666666665,3.0,11.0,2
2020,Venezuela,1,3,0,4,46.0,0.0,0.0,0,0.3333333333333333,1.6666666666666667,1.0,5.0,2
2008,Venezuela,0,0,1,1,82.0,0.0,0.0,0,0.0,2.0,0.0,6.0,2
1980,Venezuela,0,1,0,1,32.0,0.0,0.0,0,0.3333333333333333,1.0,1.0,3.0,2
1952,Venezuela,0,0,1,1,40.0,0.0,0.0,0,0.0,0.0,0.0,0.0,2
1984,Venezuela,0,0,3,3,40.0,0.0,0.0,0,0.3333333333333333,1.0,1.0,3.0,2
2012,Venezuela,1,0,0,1,50.0,0.0,0.0,0,0.0,2.0,0.0,6.0,2
1968,Venezuela,1,0,0,1,29.0,0.0,0.0,0,0.0,1.0,0.0,2.0,2
1976,Venezuela,0,1,0,1,34.0,0.0,0.0,0,0.3333333333333333,1.0,1.0,3.0,2
1960,Venezuela,0,0,1,1,41.0,0.0,0.0,0,0.0,1.0,0.0,1.0,2
2016,Venezuela,0,2,1,3,62.0,0.0,0.0,0,0.3333333333333333,1.3333333333333333,1.0,4.0,2
2004,Venezuela,0,0,2,2,68.0,0.0,0.0,0,0.0,1.6666666666666667,0.0,5.0,2
2012,Vietnam,0,0,1,1,79.0,0.0,0.0,0,0.0,1.0,0.0,2.0,1
2000,Vietnam,0,1,0,1,64.0,0.0,0.0,0,0.0,0.0,0.0,0.0,1
2016,Vietnam,1,1,0,2,48.0,0.0,0.0,0,0.0,1.0,0.0,3.0,1
2008,Vietnam,0,1,0,1,72.0,0.0,0.0,0,0.0,1.0,0.0,1.0,1
1988,Virgin Islands,0,1,0,1,36.0,0.0,0.0,0,0.0,0.0,0.0,0.0,2
1980,Yugoslavia,2,3,4,9,14.0,0.0,0.0,0,2.3333333333333335,7.0,7.0,21.0,2
1928,Yugoslavia,1,1,3,5,21.0,0.0,0.0,0,2.0,2.0,2.0,2.0,2
1984,Yugoslavia,7,4,7,18,9.0,0.0,0.0,0,2.0,7.333333333333333,6.0,22.0,2
1976,Yugoslavia,2,3,3,8,16.0,0.0,0.0,0,2.3333333333333335,6.0,7.0,18.0,2
1988,Yugoslavia,3,4,5,12,16.0,0.0,0.0,0,3.6666666666666665,11.666666666666666,11.0,35.0,2
1972,Yugoslavia,2,1,2,5,20.0,0.0,0.0,0,2.0,5.0,6.0,15.0,2
1968,Yugoslavia,3,3,2,8,16.0,0.0,0.0,0,1.0,3.3333333333333335,3.0,10.0,2
1924,Yugoslavia,2,0,0,2,14.0,0.0,0.0,0,0.0,0.0,0.0,0.0,2
1960,Yugoslavia,1,1,0,2,18.0,0.0,0.0,0,0.3333333333333333,2.6666666666666665,1.0,8.0,2
1964,Yugoslavia,2,1,2,5,19.0,0.0,0.0,0,0.6666666666666666,2.6666666666666665,2.0,8.0,2
1952,Yugoslavia,1,2,0,3,21.0,0.0,0.0,0,0.3333333333333333,2.6666666666666665,1.0,8.0,2
1948,Yugoslavia,0,2,0,2,24.0,0.0,0.0,0,1.0,2.6666666666666665,3.0,8.0,2
1936,Yugoslavia,0,1,0,1,25.0,0.0,0.0,0,1.5,3.5,3.0,7.0,2
1956,Yugoslavia,0,3,0,3,26.0,0.0,0.0,0,0.3333333333333333,2.0,1.0,6.0,2
1996,Zambia,0,1,0,1,61.0,0.0,418.0,0,0.0,1.0,0.0,1.0,1
1984,Zambia,0,0,1,1,43.0,0.0,657.0,0,0.0,0.0,0.0,0.0,1
2024,Zambia,0,0,1,1,84.0,0.0,1189.0,0,0.0,1.0,0.0,2.0,1
2004,Zimbabwe,1,1,1,3,49.0,0.0,456.0,0,1.0,1.0,1.0,1.0,2
1980,Zimbabwe,1,0,0,1,23.0,0.0,2318.0,0,0.0,0.0,0.0,0.0,2
2008,Zimbabwe,1,3,0,4,38.0,0.0,275.0,0,1.0,2.0,2.0,4.0,2
